id,name,image_url,user_id
377,Backstreet Boys,https://i.scdn.co/image/ab6761610000e5eb7b3634864a78ab6bd1d77c36,
378,Billy Joel,https://i.scdn.co/image/ab6761610000e5ebb34057d59275011032ef8bc8,
379,"""Weird Al"" Yankovic",https://i.scdn.co/image/ab6772690000c46c8262addd2ddf144690e5ec9c,
380,.38 Special,https://i.scdn.co/image/ab6761610000e5eb284c67369cb4c2bffdc81173,
381,200 Stab Wounds,https://i.scdn.co/image/ab6761610000e5eb19ed794f9c508405b9a4bdfd,
382,24kGoldn,https://i.scdn.co/image/ab6761610000e5eb1a52daf60d0a426b294f5be5,
383,3 Doors Down,https://i.scdn.co/image/ab6761610000e5eb2064b57344edc592454c8090,
384,30 Seconds to Mars,,
385,311,https://i.scdn.co/image/ab6761610000e5eb580d1c8b58c11f498e0760c5,
386,4 Non Blondes,https://i.scdn.co/image/ab6772690000c46cbee2b55099797d5537544010,
387,5 Seconds of Summer,https://i.scdn.co/image/ab6761610000e5eb5048d9616b459ef90f04b6d8,
388,A Day to Remember,https://i.scdn.co/image/ab6761610000e5eb6164f861e5e683c9067f4395,
389,A Flock of Seagulls,https://i.scdn.co/image/0e0b74658f7e16190f23d795648c888c4dd40f2a,
390,AC/DC,https://i.scdn.co/image/ab6761610000e5ebc4c77549095c86acb4e77b37,
391,AFI,https://i.scdn.co/image/ab67616d0000b2739c8f1909f055f04ca6862853,
392,AJR,https://i.scdn.co/image/ab67616d0000b2734fdb5283ef51ee18e5f29ebd,
393,AWOLNATION,https://i.scdn.co/image/ab6761610000e5ebdb9603b5be27043bbf7d7b0d,
394,Abnormality,https://i.scdn.co/image/ab6761610000e5ebd184108e5c0bf8af9d6077e6,
395,Ace Frehley,https://i.scdn.co/image/ab6761610000e5eb40e60dcd163d626ff87d0b43,
396,Ace of Base,https://i.scdn.co/image/df9a1dd7f15d98cdbef3ee8c44adae7dec4142d6,
397,Aerosmith,https://i.scdn.co/image/ab6761610000e5ebc5733401b4689b2064458e7d,
398,Against Me!,https://i.scdn.co/image/8294eb1685d99a6d557049dba7c7760d0889c3df,
399,Against The Current,https://i.scdn.co/image/ab6761610000e5eb469aba515a0815396f1c432c,
400,Airbourne,https://i.scdn.co/image/ab6761610000e5eb10a8061c6085d2186adcb6dd,
401,Alabama Shakes,https://i.scdn.co/image/ab6761610000e5ebe0a1d7ea56296ebae6f7e6b6,
402,Alan Jackson,https://i.scdn.co/image/ab6772690000c46c1dce50b93ca0b1e2f459d9e6,
403,Alanis Morissette,https://i.scdn.co/image/ab6761610000e5ebf6a97342ccd47692b7cdf8c0,
404,Alexis Munroe,https://i.scdn.co/image/ab6761610000e5eb1a2fc33b93dae2836cc90211,
405,Alfie Templeman,https://i.scdn.co/image/ab6761610000e5eb7c2b0d0cb000e7f3f41d9c64,
406,Alice Cooper,https://i.scdn.co/image/ab6761610000e5eb33b97c45348420d27fb92d68,
407,Alice in Chains,https://i.scdn.co/image/ab6761610000e5eb6114a63659d0d5c0a801f733,
408,Alien Ant Farm,https://i.scdn.co/image/ab6761610000e5ebcfb89fdb4667f2816314ff1b,
409,Alkaline Trio,https://i.scdn.co/image/ab6761610000e5ebb85da6fc072594f79f5f27f9,
410,All That Remains,https://i.scdn.co/image/ab6761610000e5eb5fcd8bb445abede001fa0222,
411,All Time Low,https://i.scdn.co/image/ab6761610000e5eb8625dac822c90c5f8c605170,
412,All-American Rejects,https://i.scdn.co/image/ab6761610000e5eb8a05b6b10635b63ebc45ae54,
413,Alphabeat,https://i.scdn.co/image/ab6761610000e5eb66663ee9f52f4057bc70c65c,
414,American Hi-Fi,https://i.scdn.co/image/ab6761610000e5ebea2788149b99026f5d3dd5c1,
415,Amon Amarth,https://i.scdn.co/image/ab6761610000e5ebe0ed6357e133abef229c44a3,
416,Amy Winehouse,https://i.scdn.co/image/ab6761610000e5eb2ceb023b10da17590878e88c,
417,Amyl and the Sniffers,https://i.scdn.co/image/ab6761610000e5ebee3647a3cd61071b0ca362e8,
418,Anarchy Club,https://i.scdn.co/image/ab6761610000e5eb2514c8979d505de828dcfcac,
419,AnaÃ¯s,https://i.scdn.co/image/ab67616d0000b27391336582e6f7e74149820344,
420,Anberlin,https://i.scdn.co/image/ab6761610000e5ebf61b58fe48e3a30b72fbc1d5,
421,Andrew W.K.,https://i.scdn.co/image/ab6761610000e5eb015066199934132a672b4407,
422,Andy Grammer,https://i.scdn.co/image/ab6761610000e5ebdfa641458cddcca4325c6afa,
423,Angels & Airwaves,https://i.scdn.co/image/ab6761610000e5eb9bf03fdd68eecd329f9fde6e,
424,Animal Flag,https://i.scdn.co/image/ab6761610000e5eb5705a333154d6beec65859c6,
425,Animotion,https://i.scdn.co/image/da8f210ed81fbcfea186275257c244e4528a1f7a,
426,Anna Graceman & Ryan Corn,,
427,Anthrax,https://i.scdn.co/image/9c13e8d805f8ba3a676dc272b0e2e237cdcf41a5,
428,Anvil,https://i.scdn.co/image/ab67616d0000b2739c8f1909f055f04ca6862853,
429,Architects,https://i.scdn.co/image/ab6761610000e5ebd8691d3ca44cd95c89a40da4,
430,Arctic Horror,https://i.scdn.co/image/ab67616d0000b273f7fed72c291c7bd391cc098b,
431,Aretha Franklin,https://i.scdn.co/image/ab6761610000e5ebf12270128127ba170f90097d,
432,Asia,https://i.scdn.co/image/ab6761610000e5ebacb6a1310cd73308c2af0c5b,
433,Asking Alexandria,https://i.scdn.co/image/ab6761610000e5ebd07f0b3d8b5c9576f15f1fb1,
434,Assuming We Survive,https://i.scdn.co/image/ab6761610000e5eb83c7a5d986e7d0ef3d1765bb,
435,At the Drive-In,https://i.scdn.co/image/ab6761610000e5eb35647a12f98234da77b10f2d,
436,At the Gates,https://i.scdn.co/image/ab6761610000e5ebe05d57f89f3637d01858832f,
437,Atreyu,https://i.scdn.co/image/ab6761610000e5eb26886e00c56279420a8ceaa7,
438,AudioDamn!,https://i.scdn.co/image/ab6761610000e5eb98d7b7ef2ecf41fde5c4f30c,
439,Audioslave,https://i.scdn.co/image/ab6761610000e5eb5a865295befda9e060a72cb0,
440,Authority Zero,https://i.scdn.co/image/ab6761610000e5ebcc8769232844e85493288724,
441,Avenged Sevenfold,https://i.scdn.co/image/ab6761610000e5eb097658d63473ecb243ed4b1f,
442,Average White Band,https://i.scdn.co/image/ab6761610000e5ebf332acfaaae4e1c238b18a28,
443,Avicii,https://i.scdn.co/image/ab6761610000e5ebae07171f989fb39736674113,
444,Avril Lavigne,https://i.scdn.co/image/ab6761610000e5ebcea575e8c9519d4367984256,
445,B.B. King,https://i.scdn.co/image/809b501cb89a3f6557d5532d983875f4dea1877d,
446,B.o.B (featuring Hayley Williams),,
447,BABYMETAL,https://i.scdn.co/image/ab6761610000e5eb8bf2dcb4312416001228a30d,
448,BANNERS,https://i.scdn.co/image/ab6761610000e5eb8d3bcf6e02576325ec246d34,
449,BAP,https://i.scdn.co/image/ab6761610000e5ebacb6a1310cd73308c2af0c5b,
450,BB Brunes,https://i.scdn.co/image/ab6761610000e5eb6971278da3fc32512405258f,
451,BEGINNERS,https://i.scdn.co/image/ab6761610000e5eb042516d5fa2c00a4141f6f84,
452,BachmanâTurner Overdrive,,
453,Bad Company,https://i.scdn.co/image/65d37e5c4ee9ef8bfb76de6a17e7c05316199724,
454,Bad Omens,https://i.scdn.co/image/ab6761610000e5eb3dc0577ed61ec73b498a56ee,
455,Bad Religion,https://i.scdn.co/image/ab6761610000e5eb785d6af86b16c8747ff61e42,
456,Bad Suns,https://i.scdn.co/image/ab6761610000e5eb14bdca85282f9980069cc350,
457,Bad Wolves,https://i.scdn.co/image/ab6761610000e5eb620e9911e10064bcbf2d7481,
458,Band Of Horses,https://i.scdn.co/image/ab6761610000e5eb2cb57b092374b2f975ee9adc,
459,Bang Camaro,https://i.scdn.co/image/ab6761610000e5eb37e3b35a50084a7be73cc7b7,
460,Barely March,https://i.scdn.co/image/ab6761610000e5eb7e176c40634a6bb6350f0d32,
461,Barenaked Ladies,https://i.scdn.co/image/ab6761610000e5eb6f38e73a455b76c9e84d2e05,
462,Barns Courtney,https://i.scdn.co/image/ab6761610000e5eb4bbc056671282e390b4c6b46,
463,Bastille,https://i.scdn.co/image/ab6761610000e5ebfd9a45e98090b4f26d2bbdeb,
464,Bearstronaut,https://i.scdn.co/image/ab6761610000e5eb0acd8480665325b12eac16c7,
465,Beartooth,https://i.scdn.co/image/ab6761610000e5ebd2219c00e2fa1f2aaddcbf24,
466,Beastie Boys,https://i.scdn.co/image/705bcd56dc5dbf9ebc578a3ba8094e6d622862c2,
467,Beck,https://i.scdn.co/image/ab6761610000e5eb1b7aaeedafb29af4c513ebd3,
468,Behemoth,https://i.scdn.co/image/ab6761610000e5ebb0cf0bfbb3080adf39332397,
469,Belinda Carlisle,https://i.scdn.co/image/ab6761610000e5ebb080a753322b12aa4ee94e6d,
470,Belly,https://i.scdn.co/image/ab6761610000e5ebbff23b49045aa4099d7264ed,
471,Ben Harper and Relentless7,https://i.scdn.co/image/ab6761610000e5ebe52eb587043e72596e870f64,
472,Ben Quad,https://i.scdn.co/image/ab6761610000e5eb5a5ac3c25f12515fe1644ab4,
473,Benjamin Booker,https://i.scdn.co/image/ab6761610000e5eb0a41d0ad7f3d72ec77cb6128,
474,Bent Knee,https://i.scdn.co/image/ab6761610000e5eb2fedaa08f1a3d13cd96777d5,
475,Between the Buried and Me,https://i.scdn.co/image/ab6761610000e5ebaedba7a5799c454208611431,
476,Big & Rich,https://i.scdn.co/image/ab6761610000e5ebc8c403161c81d8f8c02c0506,
477,Big Country,https://i.scdn.co/image/ab6761610000e5ebe1677bb0b5e2afdec1ec4c39,
478,Big Dipper,https://i.scdn.co/image/ab6761610000e5eb5664014b2d495192fcc7a6c5,
479,Bikini Kill,https://i.scdn.co/image/ab6761610000e5ebfc226caae7dd29541e337a18,
480,Billie Eilish,https://i.scdn.co/image/ab6761610000e5eb4a21b4760d2ecb7b0dcdc8da,
481,Billie Joe Armstrong,https://i.scdn.co/image/ab6772690000c46ca1107ac09284ddba2ae34bba,
482,Billy Currington,https://i.scdn.co/image/ab6761610000e5ebacc30a1cf0224922cdbcc405,
483,Billy Idol,https://i.scdn.co/image/ab6761610000e5eb69408d3a9d82c2307dd8699d,
484,Billy Squier,https://i.scdn.co/image/6935410b9596e72ad3249d58339f49f220020432,
485,Bishop Briggs,https://i.scdn.co/image/ab6761610000e5eb1ee9f9cc927a92a0d1083cc0,
486,Black Beach,https://i.scdn.co/image/ab67616d0000b27346f2df1c4aca06890fb575d7,
487,Black Pumas,https://i.scdn.co/image/ab6761610000e5eb39d27eaedd0adde305e9c98f,
488,Black Rebel Motorcycle Club,https://i.scdn.co/image/ab6761610000e5eb671e6bba4b119e7b9675f1a4,
489,Black Sabbath,https://i.scdn.co/image/ab6761610000e5eb4870cd833ebe1092601820c3,
490,Black Tide,https://i.scdn.co/image/ab6761610000e5eb6b0c68ffcbd51e4c5a52ec41,
491,Black Veil Brides,https://i.scdn.co/image/ab6761610000e5ebf414a3ed424a8e9b30819360,
492,Blame It On Whitman,https://i.scdn.co/image/ab6761610000e5eb89d22542cd6f28e82b4d725b,
493,Blastergun,https://i.scdn.co/image/ab67616d0000b2739a6db3e570b432779f791367,
494,Bleachers,https://i.scdn.co/image/ab6761610000e5eb5612e039ce8b2d05e0bac0a9,
495,Blind Melon,https://i.scdn.co/image/ab6761610000e5ebdcc3fe6af94c5c178a36d006,
496,Blink-182,https://i.scdn.co/image/ab6761610000e5eb5da36f8b98dd965336a1507a,
497,Blitz Kids,https://i.scdn.co/image/fc8a988e105fe273214171e6e33dd5adaacc912b,
498,Blondfire,https://i.scdn.co/image/ab6761610000e5eb2c91ca6bdaae71a11293cfde,
499,"Blood, Sweat & Tears",https://i.scdn.co/image/26a546022a057e325676bef5c32acdccb456adfb,
500,Bloodhound Gang,https://i.scdn.co/image/ab6761610000e5ebb37fd268f79456bf904d617e,
501,Bloods & Laura Jane Grace,,
502,Blue Swede,https://i.scdn.co/image/8128a8fc52288607eb2e4667a4c172432b3e03e1,
503,Blue Ãyster Cult,,
504,Blues Traveler,https://i.scdn.co/image/ab6761610000e5eb0a75e80e419fa64836518832,
505,Bob Marley and the Wailers,https://i.scdn.co/image/b5aae2067db80f694a980e596e7f49618c1206c9,
506,Bob Moses,https://i.scdn.co/image/ab6761610000e5ebbf9efd924a1190400c641905,
507,Body Thief,https://i.scdn.co/image/ab6761610000e5eb3b1bd9dc3e728c932e99759d,
508,Bon Jovi,https://i.scdn.co/image/ab6761610000e5eb52aade0d2ea19706074da4b9,
509,Bonnie Tyler,https://i.scdn.co/image/ab6761610000e5eb4ca4431cf4b1227eba8288d8,
510,Boston,https://i.scdn.co/image/051ffa17a5832586c6e0f8ee8a705ad15114e9c0,
511,Boys Like Girls,https://i.scdn.co/image/ab6761610000e5ebc7f04a5b4bdfd68e31816fc2,
512,Brad Paisley,https://i.scdn.co/image/ab6761610000e5eb49b3eca30283993e5794c6ef,
513,Brandi Carlile,https://i.scdn.co/image/ab6761610000e5ebd06d316705f62c59ba7d7fe3,
514,Breaking Benjamin,https://i.scdn.co/image/ab6761610000e5ebff528d242b11fdc4261d05da,
515,Breaking Wheel,https://i.scdn.co/image/ab67616d0000b27396892e9f73071993ead236c9,
516,Brian Setzer,https://i.scdn.co/image/ab6761610000e5eb60ea7f13ea054cd06daafdfc,
517,Bring Me the Horizon,https://i.scdn.co/image/ab6761610000e5ebe7c9399d0b5d813c20cbec65,
518,Brittany Howard,https://i.scdn.co/image/ab6761610000e5eb2465cba30bd03be459cc6584,
519,Brooks & Dunn,https://i.scdn.co/image/ab6761610000e5eb3ef457349ecbd1285b4a0d81,
520,Bruno Mars,https://i.scdn.co/image/ab6761610000e5ebc36dd9eb55fb0db4911f25dd,
521,Bryan Adams,https://i.scdn.co/image/ab6761610000e5eb9333e218db341b192817db03,
522,Buckcherry,https://i.scdn.co/image/ab6761610000e5ebd842638cedc0a18bba151b1c,
523,Bullet for My Valentine,https://i.scdn.co/image/ab6761610000e5eb18219fa877c67b4eda00550c,
524,Bush,https://i.scdn.co/image/ab6761610000e5eb187017724e58e78ee1f5a8e4,
525,Busted,https://i.scdn.co/image/ab6761610000e5eb1f807c6862ea43ef0f32c6dc,
526,Buzzcocks,https://i.scdn.co/image/ab6761610000e5eb694abbe7669a250140e988bf,
527,BÃRNS,https://i.scdn.co/image/ab67616d0000b273265f6a2c09476aa183acedaf,
528,CHVRCHES,https://i.scdn.co/image/ab6761610000e5eb15e5ae2c6a8cdf07ed0253ae,
529,CIVIC,https://i.scdn.co/image/ab6761610000e5eb04bc536e66407927c73a9761,
530,Caesars,https://i.scdn.co/image/664b64455e32f061ba134defca4b92830e4b2df9,
531,Cake,https://i.scdn.co/image/ab6761610000e5ebb8bf71301acec36f0256c0f8,
532,Calling All Captains,https://i.scdn.co/image/ab6761610000e5ebfd16391843ec769cdf7d2391,
533,Cannibal Corpse,https://i.scdn.co/image/ab6761610000e5eb502944f431be8f85813f8e6a,
534,Capital Cities,https://i.scdn.co/image/ab6761610000e5ebbd88e9240bca1b3dd261b6e3,
535,Capstan,https://i.scdn.co/image/ab6761610000e5eb2f2f2a13eba3c9eaf62436f0,
536,Carl Douglas,https://i.scdn.co/image/ab6761610000e5ebcea061a1aee40d93206e244c,
537,Carly Rae Jepsen,https://i.scdn.co/image/ab6761610000e5eb8272bf414106646e0e4a89f3,
538,Carrie Underwood,https://i.scdn.co/image/ab6761610000e5eb69084d0b776e725025329043,
539,Catch Your Breath,https://i.scdn.co/image/ab6761610000e5eb8aa2754db11019a2d19f6272,
540,Catfish and the Bottlemen,https://i.scdn.co/image/ab6761610000e5ebaa7e4337ef3969e7ce27876e,
541,Cecilia Castleman,https://i.scdn.co/image/ab6761610000e5eb9730c6e02b643c20a0845deb,
542,Ceramic Animal,https://i.scdn.co/image/ab6761610000e5eb237f0cd838715db0fe83e91a,
543,Charlie Puth,https://i.scdn.co/image/ab6761610000e5ebd5594e3ae145bbb2c096366d,
544,Charlotte Sands,https://i.scdn.co/image/ab6761610000e5eb6739054ddc4c0bfc24ad95ef,
545,Cheap Trick,https://i.scdn.co/image/ab6772690000c46c5ad27b7aba43e761f7e3ec46,
546,Chely Wright,https://i.scdn.co/image/ab6761610000e5eb6776f4a348ccf5da1b7542bd,
547,Chevelle,https://i.scdn.co/image/ab6761610000e5eb6411cad01afe7d60b448dabc,
548,Chicago,https://i.scdn.co/image/ab6761610000e5ebbab088e2157b02848dfcbc1e,
549,Children of Bodom,https://i.scdn.co/image/ab6761610000e5ebe51866b7c973c8aafaf1fece,
550,Chiodos,https://i.scdn.co/image/ab6761610000e5ebd6d001dc971f38973265d42d,
551,Chumbawamba,https://i.scdn.co/image/57d60d824eac6f8870011979a6fab6b27b97fa44,
552,Chvrches,https://i.scdn.co/image/ab6761610000e5eb15e5ae2c6a8cdf07ed0253ae,
553,Cinderella,,
554,Cocktail Slippers,https://i.scdn.co/image/ab6761610000e5ebcf37c32c3eba200ff9019100,
555,Coheed And Cambria,https://i.scdn.co/image/ab6761610000e5ebbff9d794acaadead8e742f9e,
556,Coheed and Cambria,https://i.scdn.co/image/ab6761610000e5ebbff9d794acaadead8e742f9e,
557,Cold War Kids,https://i.scdn.co/image/ab6761610000e5eb27ea8d74714b23fa9e116f91,
558,Coldplay,https://i.scdn.co/image/ab6761610000e5eb1ba8fc5f5c73e7e9313cc6eb,
559,Collective Soul,https://i.scdn.co/image/ab6761610000e5ebf68613ff215e381ececc6624,
560,Count Zero,https://i.scdn.co/image/ab6761610000e5eb7d77c352aefa149a70c67e8f,
561,Counting Crows,https://i.scdn.co/image/ab6761610000e5ebe49e02d94a91ccdb846a62fa,
562,Cracker,https://i.scdn.co/image/ab6761610000e5eb24ba2ea14cb57e90c60bf4bb,
563,Crash Kings,https://i.scdn.co/image/218106a492fe8a3ea8c1e99193d3b41600b9e810,
564,Creaturos,https://i.scdn.co/image/ab67616d0000b2735ea5c7664bab079a5e46d182,
565,Creed,https://i.scdn.co/image/ab6761610000e5ebd2e2b04b7ba5d60b72f54506,
566,Crooked X,,
567,Cross Canadian Ragweed,https://i.scdn.co/image/df1bd6ac140f82f55724edbaff5cb7adbb9d7a80,
568,Crossfade,https://i.scdn.co/image/ab6761610000e5eb4af16bc8b87ea8f3b7048060,
569,Crown of Thorns,https://i.scdn.co/image/ab67616d0000b2738f85d1e557b044e56056d962,
570,Cuffed Up,https://i.scdn.co/image/ab6761610000e5eb8057ac10a6e83cb8bf09c1b3,
571,Culture Club,https://i.scdn.co/image/ab6761610000e5eb5903965a15551fd12feb8b87,
572,Cutting Crew,https://i.scdn.co/image/ab6761610000e5eb5677d41157dee225b3633737,
573,Cyndi Lauper,https://i.scdn.co/image/ab6761610000e5eb72f5bad471601240967563d6,
574,DC Talk,https://i.scdn.co/image/7ac48d9838e314dea21dcdc6b5682a23a04eb367,
575,DNCE,https://i.scdn.co/image/ab6761610000e5ebf516ed43c65fe21e21a7c5bd,
576,Damone,https://i.scdn.co/image/f44a7596bf9fdc7718d47d23895111cf727214fc,
577,Dan + Shay & Justin Bieber,,
578,Dance Gavin Dance,https://i.scdn.co/image/ab6761610000e5eb82fc5e0ee0a525bfc037d4d7,
579,Darius Rucker,https://i.scdn.co/image/ab6761610000e5eb17f1bb8128fc6e637e4240d7,
580,Dark Wheels,https://i.scdn.co/image/ab67616d0000b2733888cb33f847fde26aecffe7,
581,Darryl Worley,https://i.scdn.co/image/ab6761610000e5eb2311618050e3f0345325c850,
582,Dashboard Confessional,https://i.scdn.co/image/ab6761610000e5eb807198af655751559ed590a7,
583,Daughtry,https://i.scdn.co/image/ab6761610000e5ebf443a26b22e52c3b3867753d,
584,Dave Matthews Band,https://i.scdn.co/image/ab6761610000e5ebc04724201a3cd1a81d7bba05,
585,Dead Kennedys,https://i.scdn.co/image/3a7ddc45cc57da8c01f95691ef508202f0d25b09,
586,Dead Sara,https://i.scdn.co/image/ab6761610000e5eb097c5701b5eb32d79b4c2996,
587,Dealership,https://i.scdn.co/image/a49f8ed94c7520dc7dc5c4db89fe257464cd688a,
588,Dear and the Headlights,https://i.scdn.co/image/ec695056e86784974509b2d445aa6a226cf2845b,
589,Death from Above 1979,https://i.scdn.co/image/ab6761610000e5ebbb7cbc0abffcf07bc38c6c07,
590,Death of the Cool,https://i.scdn.co/image/ab6761610000e5ebb8925c7844e0fa72aa9ef175,
591,Dee Gees,,
592,Deee-Lite,https://i.scdn.co/image/cf8dfba8597882a18fb1faf07aef69271aa37935,
593,Deep Blue Something,https://i.scdn.co/image/ab6761610000e5eb5cee59fb07aa41f126730515,
594,Def Leppard,https://i.scdn.co/image/ab6761610000e5eb695e45d9945ce1f8e5fa5c54,
595,Deftones,https://i.scdn.co/image/ab6761610000e5ebe3ac5eb948e78d9285d1dbdb,
596,Del Amitri,https://i.scdn.co/image/ab6761610000e5ebbc86d5b6764b7a24eff9967b,
597,Demi Lovato,https://i.scdn.co/image/ab6761610000e5eb17d89810f9afab249206c478,
598,DevilDriver,https://i.scdn.co/image/ab6761610000e5ebf99405f1e69f1094848e26e8,
599,Devo,https://i.scdn.co/image/ab67616d0000b27308779bde4ae1e4010f9dcf61,
600,Devon Gilfillian,https://i.scdn.co/image/ab6761610000e5ebaf9ae552186a078c0d9f6e55,
601,Dexys Midnight Runners,https://i.scdn.co/image/ab6761610000e5eb22b24b0c36be490f043d032a,
602,Dido,https://i.scdn.co/image/ab6761610000e5ebf36e7b59cdaa0df8bee8e63f,
603,Die Toten Hosen,https://i.scdn.co/image/ab6761610000e5eb6fc6ebd3cadc9bd5ae947b02,
604,Dierks Bentley,https://i.scdn.co/image/ab6761610000e5ebc3552e14b485998e7bbba38b,
605,Dinosaur Jr.,https://i.scdn.co/image/ab6761610000e5eb5201c68a22bce1d27d72f4ac,
606,Dinosaur Pile-Up,https://i.scdn.co/image/ab6761610000e5eb25db0a5a8ac5305acf8eb69f,
607,Dio,https://i.scdn.co/image/ab67616d0000b2732ac959aed9d04d5c175242fb,
608,Dire Straits,https://i.scdn.co/image/ab6761610000e5eb4bdaa8c5e65b64f50549c393,
609,Dirty Honey,https://i.scdn.co/image/ab6761610000e5ebd9ca277f8e068e216ec3b4a3,
610,Disturbed,https://i.scdn.co/image/ab6761610000e5eb6823b6df396ecf49931e34a1,
611,Dixie Chicks,,
612,Dolly Parton,https://i.scdn.co/image/ab6761610000e5eb61aae76c2db6b8645f1553d0,
613,Dolly Spartans,https://i.scdn.co/image/ab6761610000e5ebf24f72a4b744cf9fcef0760c,
614,Don McLean,https://i.scdn.co/image/ab6761610000e5eb960f33e2e44a53d836dc8ffb,
615,Dover,https://i.scdn.co/image/ab67616d0000b27308779bde4ae1e4010f9dcf61,
616,DragonForce,https://i.scdn.co/image/ab6761610000e5eb2c0d92dae9b4af4c8a565c3b,
617,Dream Theater,https://i.scdn.co/image/ab6761610000e5eb6c2390469c190a49f3926865,
618,Dreamgirl,https://i.scdn.co/image/ab6761610000e5eb7d478a2949d521ed559db5ec,
619,Drive-By Truckers,https://i.scdn.co/image/ab6761610000e5ebc81405127e5ca302f0e4d1d8,
620,Dropkick Murphys,https://i.scdn.co/image/ab6761610000e5eba7fe49ff5b2dd8bfec205fe4,
621,Dua Lipa,https://i.scdn.co/image/ab6761610000e5eb0c68f6c95232e716f0abee8d,
622,Duck & Cover,https://i.scdn.co/image/ab67616d0000b2734b6803a52e9b708fda8b5d40,
623,Duran Duran,https://i.scdn.co/image/ab6761610000e5eb873c478913e5a70527b9442a,
624,Dutch ReBelle,https://i.scdn.co/image/ab6761610000e5eb18b71f5bccdedd6a1458741e,
625,Dwight Yoakam,https://i.scdn.co/image/ab6761610000e5eb28aebc3eaddd7d0f5f2d0eb7,
626,EELS,https://i.scdn.co/image/ab6761610000e5eb70fc0f8e1eece53e15f1db17,
627,EMF,https://i.scdn.co/image/ab67616d0000b2739563cb349790fc0dc5a69003,
628,Eagle-Eye Cherry,https://i.scdn.co/image/ab6761610000e5eb14a2242841c9c7376b19f087,
629,Eagles of Death Metal,https://i.scdn.co/image/9084649cb287a4cd52b6955fe9f5dd647fc4e431,
630,"Earth, Wind & Fire",https://i.scdn.co/image/ab6761610000e5eb9722e16a886767adf1178f92,
631,Echo & The Bunnymen,https://i.scdn.co/image/397489fba8899aa52cadb0f62662603f96065446,
632,Ed Sheeran,https://i.scdn.co/image/ab6761610000e5eb8eb08ed1a791d6e9fb041d61,
633,Eddie Japan,https://i.scdn.co/image/ab6761610000e5eb92ed2d8af74d073293b7c8a4,
634,Eddie Money,https://i.scdn.co/image/ab6761610000e5eb59808090fb17e636132b0d2a,
635,Ego Kill Talent,https://i.scdn.co/image/ab6761610000e5eb8e21a6d023d8599dbf342d0a,
636,Electric Six,https://i.scdn.co/image/ab6761610000e5eb911e16bcc336091c0cb42cba,
637,Elle King,https://i.scdn.co/image/ab6761610000e5eb98f1e053c254d51c7ebb9831,
638,Elle King & Miranda Lambert,,
639,Ellie Goulding,https://i.scdn.co/image/ab6761610000e5ebc3cd7dc428871e8985d62b9a,
640,Elton John,https://i.scdn.co/image/ab6761610000e5eb0dc33a1c53bb58a84b45d6a7,
641,Elton John - Dua Lipa,,
642,Endeverafter,https://i.scdn.co/image/ab67616d0000b2739c913ea3a6bef3576b5dfe8d,
643,Erasure,https://i.scdn.co/image/ab6761610000e5eb8415569615b5c7f5c03c8594,
644,Eric Cartman,https://i.scdn.co/image/ab6761610000e5ebcbd321568c9f3b529907083c,
645,Eric Church,https://i.scdn.co/image/ab6761610000e5eb31783fb959349f0c82e39bfe,
646,Escape the Fate,https://i.scdn.co/image/ab6761610000e5eb8b683fb42bab8b7eb5093134,
647,Europe,https://i.scdn.co/image/ab6761610000e5ebb136231528a99ff2de5d3a8d,
648,Evanescence,https://i.scdn.co/image/ab6761610000e5eb7ecf213c7dd78e0049379c5b,
649,Eve 6,https://i.scdn.co/image/ab6761610000e5eb27cdd82ff4e269d216ce7c03,
650,Everlife,https://i.scdn.co/image/3ab77a808f98b283eb06278cadec8cbd966760a9,
651,Evile,https://i.scdn.co/image/ab6761610000e5eba8f9f3cb937935038a8cb5e1,
652,Extreme,https://i.scdn.co/image/ab6761610000e5eba2816ccc399c2c820c3d0bb6,
653,Faith No More,https://i.scdn.co/image/765ad08f23f828d1a850c47ac417d7be260af932,
654,Fake Names,https://i.scdn.co/image/ab6761610000e5eb4011f539110e53af14b6d373,
655,Fall Out Boy,https://i.scdn.co/image/ab6761610000e5eb362011ebe6064c38e97e9aac,
656,Falling In Reverse,https://i.scdn.co/image/ab6761610000e5eb4a733f510df96652c3bea05b,
657,Family Force 5,https://i.scdn.co/image/ab6761610000e5eb7a57c0ea0bd98309be8e271c,
658,Fefe Dobson,https://i.scdn.co/image/ab6761610000e5eb9fda323786879685168f27cb,
659,Filter,https://i.scdn.co/image/ab6761610000e5eba65ceef7fe995c88c6c6ada6,
660,Fine Young Cannibals,https://i.scdn.co/image/ab6761610000e5eb61dce24c33b8b4d70fc587b6,
661,Finley,https://i.scdn.co/image/ab6761610000e5ebec1c9bc007ef5af8cbda8dc9,
662,Fitz and the Tantrums,https://i.scdn.co/image/ab6761610000e5eb756717e6695fbaeb236857a2,
663,Five Finger Death Punch,https://i.scdn.co/image/ab6761610000e5eb1e7f796a17c2dc3c28bdeeb9,
664,Flobots,https://i.scdn.co/image/ab6761610000e5ebe7bb49246bf67405b11f3de3,
665,Florence + the Machine,https://i.scdn.co/image/ab6761610000e5ebe3c37f869b830d1cf1ec829a,
666,Fly by Midnight,https://i.scdn.co/image/ab6761610000e5eb5a1c7aa77551b62c9cce74c9,
667,Flyleaf,https://i.scdn.co/image/ab6761610000e5ebf806c08eef7d367476b561d0,
668,Foghat,https://i.scdn.co/image/ab6761610000e5ebc99812527711745e4e0bf29c,
669,Foo Fighters,https://i.scdn.co/image/ab6761610000e5eb07be1890ac379235723258de,
670,Foreigner,https://i.scdn.co/image/ab6761610000e5ebb338d6964565206f741d5ad1,
671,Foster the People,https://i.scdn.co/image/ab6761610000e5eb22b8e662f0cfdddac8ab22bb,
672,Fountains of Wayne,https://i.scdn.co/image/fe75e6f4ba0b2e75e97e3505f9daa112a606977f,
673,Fractal Universe,https://i.scdn.co/image/ab6761610000e5eb74939b7aea46c0e284b20485,
674,Frankie Goes to Hollywood,https://i.scdn.co/image/ab6761610000e5ebe7efd9cceef0829d1439b11e,
675,Free,https://i.scdn.co/image/ab6761610000e5eb5ef812b9c4f227331fe33120,
676,Freezepop,https://i.scdn.co/image/ab6761610000e5eb4d4142dfc74ead001cc8942a,
677,Friday Pilots Club,https://i.scdn.co/image/ab6761610000e5ebd58a3e88a32588b28611da02,
678,Fuel,https://i.scdn.co/image/ab6761610000e5eb1f8b7467250357bd9b7d97dd,
679,GAYLE,https://i.scdn.co/image/ab6761610000e5eb3f9b6ba687bc60385c7c34b5,
680,GLaDOS,https://i.scdn.co/image/ab6761610000e5eb259d2e6b609c9985e8f12a2f,
681,GUNNAR,https://i.scdn.co/image/ab67616d0000b273568226143eddcf7fe3ab4244,
682,Gabby Barrett,https://i.scdn.co/image/ab6761610000e5ebc2a0d4782f0671388101596c,
683,Garbage,https://i.scdn.co/image/ab6761610000e5eb370f18dc80c5e21816c42ea8,
684,Gary Allan,https://i.scdn.co/image/ab6761610000e5eb3fdd52d1b8cadac4597f5308,
685,"Gary Clark, Jr.",https://i.scdn.co/image/ab6761610000e5eb9d5088ae6a4e5acf0e0c2191,
686,Gavin DeGraw,https://i.scdn.co/image/ab6761610000e5eb5ddcc8e4678ca527cb361162,
687,Generation X,https://i.scdn.co/image/7521ef67e3209d5442d0cfe536a7677f14a03b88,
688,George Strait,https://i.scdn.co/image/ab6761610000e5eb77f28b2422efbabde324291c,
689,George Thorogood & the Destroyers,https://i.scdn.co/image/ab6761610000e5eb757998cdb9826e05ca888216,
690,Gerry Rafferty,https://i.scdn.co/image/ab6761610000e5eb458dd0cbffc2b84311f5aa7d,
691,Ghost,https://i.scdn.co/image/ab6761610000e5eb2d972470f1f8110be7c07017,
692,Ghost Hounds,https://i.scdn.co/image/ab6761610000e5ebd7a269796fc16c4568e09038,
693,Gin Blossoms,https://i.scdn.co/image/ab6761610000e5eb5c0f1358900eef3ae120f159,
694,Glass Animals,https://i.scdn.co/image/ab6761610000e5ebeb2cc96b0ed023c5e3675b6f,
695,Glasvegas,https://i.scdn.co/image/ab6761610000e5ebb3dbb43cd2d7d8cb3f49c6a9,
696,Go-Go's,https://i.scdn.co/image/ab6761610000e5eb815e520e3ce7fe210046ba66,
697,God Forbid,https://i.scdn.co/image/ab6761610000e5eb9c095051c666153669ef6d11,
698,Goddamn Draculas,https://i.scdn.co/image/ab6761610000e5ebde1a3248aa49b87740119fff,
699,Godsmack,https://i.scdn.co/image/ab6761610000e5ebe024531c06e7de54f84ea6fd,
700,Golden Earring,https://i.scdn.co/image/ab6761610000e5ebd7b257fdbe94a7e59687c03a,
701,Goldfinger,https://i.scdn.co/image/ab6761610000e5eb9b5a70b6fa3de2dc8a9e93b1,
702,Goo Goo Dolls,https://i.scdn.co/image/ab6761610000e5ebe7b66b8c4ba729848574df7a,
703,Good Charlotte,https://i.scdn.co/image/ab6761610000e5ebc4d383def970a8566db1cd2a,
704,Gorillaz,https://i.scdn.co/image/ab6761610000e5eb8699856fde13105fa01279ad,
705,Grade 2,https://i.scdn.co/image/ab6761610000e5eb49247ee86279e365d539a7ee,
706,Grand Funk Railroad,https://i.scdn.co/image/ab6761610000e5eb54445ff310afccebf830a71b,
707,Great White,https://i.scdn.co/image/ab6761610000e5ebdd19fda1803fa86d7f506e5b,
708,Green Day,https://i.scdn.co/image/ab6761610000e5eb6ff0cd5ef2ecf733804984bb,
709,Greta Van Fleet,https://i.scdn.co/image/ab6761610000e5eb301eb2b9d83cf86efa024ccb,
710,Grey Daze,https://i.scdn.co/image/ab6761610000e5eb30141c5bbfbba0100f164df8,
711,Grouplove,https://i.scdn.co/image/ab6761610000e5eb212e97916d72380d77a9db17,
712,Gulfer,https://i.scdn.co/image/ab6761610000e5ebb7e705237cfcc5fcf06bcc61,
713,Guns N' Roses,https://i.scdn.co/image/ab6761610000e5eb50defaf9fc059a1efc541f4c,
714,H-Blockx,https://i.scdn.co/image/ab6761610000e5ebd33fa03c919f447437b0ec04,
715,H.E.R.,https://i.scdn.co/image/ab6761610000e5eb417db49cde3ed1c5a65e3514,
716,HELLYEAH,https://i.scdn.co/image/ab6761610000e5eb1bbd045c5977e40ffaef3011,
717,HIM,https://i.scdn.co/image/ab6761610000e5eb2cfc402fa29cd2949023a8bf,
718,HOUNDS,https://i.scdn.co/image/ab6761610000e5eb68e12b0181276d5e770314f5,
719,HUNNY,https://i.scdn.co/image/ab6761610000e5ebae3c59153901f8c4084a1604,
720,Hail the Sun,https://i.scdn.co/image/ab6761610000e5eb20bd1fbcba16e3d037362a73,
721,Halestorm,https://i.scdn.co/image/ab6761610000e5ebae3a9674a21b3bcf6d8a06d1,
722,Hall & Oates,https://i.scdn.co/image/ab6761610000e5ebae81417d966e209b735b1160,
723,Harry Chapin,https://i.scdn.co/image/ab67616d0000b273743ebb11200358b5c050f542,
724,Harry Styles,https://i.scdn.co/image/ab6761610000e5ebf7db7c8ede90a019c54590bb,
725,Harvey Danger,https://i.scdn.co/image/84045bd0604f5a906413c4eaf094efdc259d2128,
726,Hautewerk,,
727,Hawk Nelson,https://i.scdn.co/image/ab6761610000e5eb6b3fa512ca015831ce737668,
728,Hawkwind,https://i.scdn.co/image/ab6761610000e5eb7b59f34904a85204edb79eec,
729,Hayley Williams,https://i.scdn.co/image/ab6761610000e5eb195bd87b60599b7a3f19abf1,
730,Heart,https://i.scdn.co/image/ab6761610000e5eb560685c65ae33b3ffbda7f19,
731,Heaven's Basement,,
732,Highly Suspect,https://i.scdn.co/image/ab6761610000e5eb891207250e3079c5b315bdfb,
733,Hinder,,
734,Hole,https://i.scdn.co/image/ab6761610000e5eb1fd073cc30283438f8512ba6,
735,Hollywood Undead,https://i.scdn.co/image/ab6761610000e5eb4159f85a5a40c655380821da,
736,Honest Bob and the Factory to Dealer Incentives,https://i.scdn.co/image/ab67616d0000b273ed84f18603bb91ebc639ee50,
737,Honest Bob and the Factory-to-Dealer Incentives,https://i.scdn.co/image/ab67616d0000b273ed84f18603bb91ebc639ee50,
738,Hoobastank,https://i.scdn.co/image/ab6761610000e5ebb6f14120a7c97c531c2ebdcc,
739,Hootie & the Blowfish,https://i.scdn.co/image/ab6761610000e5ebaa3847bf8005c31dc44010b3,
740,Hot Chelle Rae,https://i.scdn.co/image/ab6761610000e5eb522d6815785c5eb08ec9c489,
741,Hot Hot Heat,https://i.scdn.co/image/ab6761610000e5eb37837f6d246cf9be72eb8de7,
742,Hozier,https://i.scdn.co/image/ab6761610000e5ebad85a585103dfc2f3439119a,
743,Huey Lewis and The News,https://i.scdn.co/image/ab6761610000e5eb8dfb95eb4902b28206963614,
744,Huey Lewis and the News,https://i.scdn.co/image/ab6761610000e5eb8dfb95eb4902b28206963614,
745,Hypernova,https://i.scdn.co/image/ab67616d0000b2737b1d27236011e6389d6b03a1,
746,I Fight Dragons,https://i.scdn.co/image/ab6761610000e5eb02958b3dc0a865443ee88223,
747,I Mother Earth,https://i.scdn.co/image/c5106faa948b385851d332fbf3619537d67bd93a,
748,I Prevail,https://i.scdn.co/image/ab6761610000e5eba26ab7baa4a50f469edbfd76,
749,ILLENIUM & Max,,
750,INXS,https://i.scdn.co/image/ab67616d0000b2739c8f1909f055f04ca6862853,
751,Icon for Hire,https://i.scdn.co/image/ab6761610000e5eb1f99ecdc1aeff1db5c418b04,
752,Ida Maria,https://i.scdn.co/image/ab6761610000e5ebee55cf7507f690cc1d4e2ac0,
753,Illenium & Jon Bellion,,
754,Imagine Dragons,https://i.scdn.co/image/ab6761610000e5ebab47d8dae2b24f5afe7f9d38,
755,In This Moment,https://i.scdn.co/image/ab6761610000e5eb285ee23e367e081e90606ea1,
756,In the Valley Below,https://i.scdn.co/image/ab6761610000e5ebae8c49ce3f40eea1ad34b451,
757,Incubus,https://i.scdn.co/image/ab6761610000e5eb83512923cb6ea021f8bb1b3b,
758,Inhabited,https://i.scdn.co/image/2454a554511c0b416b320cf1d7e33dc3fd11bc35,
759,Interloper,https://i.scdn.co/image/ab6761610000e5eb47a770b3d91b2bb4c38ddf3e,
760,Interpol,https://i.scdn.co/image/ab6761610000e5ebc31f8e7aad462874455cf070,
761,Iron Butterfly,https://i.scdn.co/image/ed1f30ed69dc1c5a6b7f649d2e14b06fb021c683,
762,Iron Maiden,https://i.scdn.co/image/ab6761610000e5ebf9978ad4808f6f2723124d19,
763,J. Geils Band,https://i.scdn.co/image/314a7c90c1d6fc4b33adb2da62e05a48a1767a14,
764,JET,https://i.scdn.co/image/ab6761610000e5ebb604a6798902efab5cb8ad91,
765,JW Francis,https://i.scdn.co/image/ab6761610000e5ebc70e3b84b1691816c8dd1ebf,
766,Jack Johnson,https://i.scdn.co/image/ab6761610000e5eb9555a0b3231117c8cde1fca7,
767,Jack White,https://i.scdn.co/image/ab6761610000e5eb16204ddc5822afc3e4a1cecf,
768,James Gang,https://i.scdn.co/image/b7accd8373ed5f6b920ef11d6c1609761cc8ac60,
769,Jamey Johnson,https://i.scdn.co/image/ab6761610000e5eb64622f3071c7027edfdc60e4,
770,Jamiroquai,https://i.scdn.co/image/ab6761610000e5eb7e6dca959714339b69e9718d,
771,Jane's Addiction,,
772,Janis Joplin,https://i.scdn.co/image/ab6761610000e5ebbf0ee2c099003f6886e4da0c,
773,Janis Joplin & the Full Tilt Boogie Band,,
774,Jason Aldean,https://i.scdn.co/image/ab6761610000e5eb70d22778295f215b94941a21,
775,Jason Derulo,https://i.scdn.co/image/ab6761610000e5eb94cf6c87c82ddb0eade61eb0,
776,Jason Mraz,https://i.scdn.co/image/ab6761610000e5ebc3b370fc26c83312db52af14,
777,Jefferson Airplane,https://i.scdn.co/image/ab6761610000e5eb0c739f8231961acda83a4bf8,
778,Jefferson Starship,https://i.scdn.co/image/ab6761610000e5eb8f0bcee19214771de6080e72,
779,Jesus Jones,https://i.scdn.co/image/ab6761610000e5ebc502e61e29297c8890ee1722,
780,Jet,https://i.scdn.co/image/ab6761610000e5ebb604a6798902efab5cb8ad91,
781,Jethro Tull,https://i.scdn.co/image/ab6761610000e5ebe1d4d487ce0407b9ecb96743,
782,Jimi Hendrix,https://i.scdn.co/image/ab6761610000e5eb31f6ab67e6025de876475814,
783,Jimmy Buffett,https://i.scdn.co/image/ab6761610000e5ebc51b2d9deea2b3cc8360828d,
784,Jimmy Eat World,https://i.scdn.co/image/ab6761610000e5eb0dc33cfd207772f8e2f6b46f,
785,Joan Jett,https://i.scdn.co/image/ab6761610000e5eb18b65165ad4f5f1c188efc0b,
786,Joan Jett & The Blackhearts,https://i.scdn.co/image/ab6761610000e5eb18b65165ad4f5f1c188efc0b,
787,Joan Jett & the Blackhearts,https://i.scdn.co/image/ab6761610000e5eb18b65165ad4f5f1c188efc0b,
788,Job for a Cowboy,https://i.scdn.co/image/ab6761610000e5ebe0d418980859e6fd1a5cbf09,
789,Jocelyn & Chris Arndt,https://i.scdn.co/image/ab6761610000e5ebf8cd9a012cb639e00fcccb85,
790,"Joe ""Bean"" Esposito",https://i.scdn.co/image/ab6761610000e5ebaf7f739b6c921ba9a550eaea,
791,Joe Jackson,https://i.scdn.co/image/ab6761610000e5eba4e4ffea944ea037683faf51,
792,Joe Satriani,https://i.scdn.co/image/ab6761610000e5eb5a808151921cc9b8819589fd,
793,Joesef,https://i.scdn.co/image/ab6761610000e5eba234089a1a7d7331b37483f2,
794,"John & Yoko, The Plastic Ono Band",,
795,John Denver,https://i.scdn.co/image/ab6761610000e5eb748322a35cb459c837d5ac9e,
796,Johnny Blazes and the Pretty Boys,https://i.scdn.co/image/ab67616d0000b273d3b4c4fdb83b342583577d7b,
797,Jonas Brothers,https://i.scdn.co/image/ab6761610000e5eb5cd01c30fed1be9b09b75514,
798,Jonathan Coulton,https://i.scdn.co/image/ab6761610000e5eb59fdf438f062bdda0a9dff96,
799,Josh Turner,https://i.scdn.co/image/ab6761610000e5eb94a3a9f82647f8bb112d9e01,
800,Journey,https://i.scdn.co/image/ab6761610000e5ebe848dfb35ea4969099662dfd,
801,Juanes,https://i.scdn.co/image/ab6761610000e5eb1aefa2dd52fde10eba9b4d5d,
802,Judah & the Lion,https://i.scdn.co/image/ab6761610000e5ebe623db0c897f7c323802b8f0,
803,Judas Priest,https://i.scdn.co/image/ab6761610000e5eb4b3cfc24737acb15e73e8bd6,
804,Juice WRLD & Marshmello,,
805,Juli,https://i.scdn.co/image/ab6761610000e5eb30f0dc81183daaee971c2601,
806,Juliana Hatfield,https://i.scdn.co/image/ab6772690000c46cc56caebd1143ae3d765c87ed,
807,Julie Rhodes,https://i.scdn.co/image/ab6761610000e5ebae26380dc0401edef513a2a2,
808,Just Kait,https://i.scdn.co/image/ab67616d0000b273bd4097f10d44c427c94d62df,
809,Justin Bieber,https://i.scdn.co/image/ab6761610000e5eb86e362deb9f22566331fbdeb,
810,Justin Moore,https://i.scdn.co/image/ab6761610000e5eb5053d9dcc37664e5176bab6f,
811,Jxdn,https://i.scdn.co/image/ab6761610000e5eb347c3519c241e071fb2fcc3a,
812,KMFDM,https://i.scdn.co/image/ab6761610000e5eb6a76d5a5d332ac3af978720e,
813,KSM,https://i.scdn.co/image/0078316432cdfb6733c3bde0dc61754d45442d0f,
814,KT Tunstall,https://i.scdn.co/image/ab6761610000e5ebbef7f98e21d710c12dd4f39d,
815,Kaleo,https://i.scdn.co/image/ab6761610000e5ebd12dda5c73df781c0bbfe311,
816,Kane Brown,https://i.scdn.co/image/ab6761610000e5eb6c17bec75f51429ff10766a9,
817,Kansas,https://i.scdn.co/image/ab6761610000e5eb4a5ee495f61402a3959b2d9c,
818,Kasabian,https://i.scdn.co/image/ab6761610000e5eb9adf40411756ca7c9d92bbf2,
819,Katrina & the Waves,https://i.scdn.co/image/733bf3eb9178fd24dbce4a9a5ec64d0c870ea822,
820,Katy Perry,https://i.scdn.co/image/ab6761610000e5eb0988562f78810e47a6e3325f,
821,Keith Urban,https://i.scdn.co/image/ab6761610000e5eb054c067d4cfa3b8094f3400f,
822,Kelly Clarkson,https://i.scdn.co/image/ab6761610000e5eb20b8c7d395994dc81a85f291,
823,Kelsy Karter,https://i.scdn.co/image/ab6761610000e5ebad2be8d03bcf927f5eddcbd2,
824,Kenny Chesney,https://i.scdn.co/image/ab6761610000e5eb5de44c9558a47909debca2cd,
825,Kenny Loggins,https://i.scdn.co/image/ab6761610000e5ebe5ade0d346536449c7a75b48,
826,Kenny Rogers,https://i.scdn.co/image/ab6761610000e5eb43eec847b2e3aaa5f4edbd23,
827,Killswitch Engage,https://i.scdn.co/image/ab6761610000e5eb49670e56bfa7556b4a255286,
828,Kings of Leon,https://i.scdn.co/image/ab6761610000e5eb6fc940f2e99875ced9bafed0,
829,Kiss,https://i.scdn.co/image/ab67616d0000b273dec50593545dc461b027996c,
830,Kool & the Gang,https://i.scdn.co/image/ab6761610000e5eb69287c3f1b150bbead642499,
831,Kool and the Gang,https://i.scdn.co/image/ab6761610000e5eb69287c3f1b150bbead642499,
832,Korn,,
833,Kula Shaker,https://i.scdn.co/image/ab6761610000e5eb5875885888fbe9396a55aaf1,
834,Kutless,https://i.scdn.co/image/ab6761610000e5eb5d0f8a4ce1ff92d1813d24f0,
835,L7,https://i.scdn.co/image/ab6761610000e5eb64420eba35a41a81b0b842a5,
836,La Roux,https://i.scdn.co/image/ab6761610000e5eb209cc92e50bcfed40a6028e1,
837,Lacuna Coil,https://i.scdn.co/image/ab6761610000e5eb8f989674720776c95065a68d,
838,Lady Antebellum,https://i.scdn.co/image/ab6761610000e5eb88ef2b30e7a0cb9d1af31d7a,
839,Lady Gaga,https://i.scdn.co/image/ab6761610000e5ebaadc18cac8d48124357c38e6,
840,Lamb of God,https://i.scdn.co/image/ab6761610000e5ebb943a08242864dc3364a9478,
841,Laura Bell Bundy,https://i.scdn.co/image/ab6761610000e5eb27570ac76d4a743939abd50b,
842,Legitimate Front,https://i.scdn.co/image/ab67616d0000b27346a9d5f86ea24f494fbe3ce1,
843,Len,https://i.scdn.co/image/ab67616d0000b273dea2d7ef77ad8e3ec3739d23,
844,Lenny Kravitz,https://i.scdn.co/image/ab6761610000e5ebe0cf058473839f1c9f49937e,
845,Les Wampas,https://i.scdn.co/image/ab6761610000e5ebd49db13e499f02674a1ee558,
846,Lesley Roy,https://i.scdn.co/image/ab6761610000e5eb558c225b58f966f9523d5034,
847,Letters to Cleo,https://i.scdn.co/image/ab6761610000e5eb08a4cb5037ee512163716c97,
848,Libyans,https://i.scdn.co/image/ab67616d0000b273e319fe81caede22f97ce5dda,
849,Lifehouse,https://i.scdn.co/image/ab6761610000e5eb621cdc23c3db9d37d780762e,
850,Light the Torch,https://i.scdn.co/image/ab6761610000e5eba99a9e89fcd3ebab8eb4d992,
851,Lightning Bolt,https://i.scdn.co/image/3d3ce93a7df2c0542241b77324e070b61d564a78,
852,Lights Resolve,https://i.scdn.co/image/0f19b7c8a26d541f94c48075ca62f6b70b7fdadc,
853,Lil Nas X,https://i.scdn.co/image/ab6761610000e5eb3758a33e782b46bd7f174e1d,
854,Limp Bizkit,https://i.scdn.co/image/4654955890cb62a6abe9daadfd2b3ecdee8036e4,
855,Linea 77,https://i.scdn.co/image/ab6761610000e5eb77e1c74f02a849737df014be,
856,Linkin Park,https://i.scdn.co/image/ab6761610000e5eb527d95dabbe8b8b527e8136f,
857,Lisa Loeb,https://i.scdn.co/image/1f5d4a85bf767c63ea49480951f160ac9b079cfc,
858,Lit,https://i.scdn.co/image/ab67616d0000b2739c8f1909f055f04ca6862853,
859,Lita Ford,https://i.scdn.co/image/cd163ef0f33e34d41de083869439b1c5bd7b567d,
860,Litfiba,https://i.scdn.co/image/ab67616d0000b273ca7dbce88d7e17c8c7f347d4,
861,Little Big Town,https://i.scdn.co/image/ab6761610000e5ebbd6b8625807df07fc711dd77,
862,Little Fish,https://i.scdn.co/image/ab67616d0000b27309ec895fdee81e72682fbc48,
863,"Little Nell, Patricia Quinn & Richard O'Brien",,
864,Little River Band,https://i.scdn.co/image/ab6761610000e5eb9a44d8722feae811910ddba6,
865,Littlefoot,https://i.scdn.co/image/ab6761610000e5eb3ee151df4271421d3881ab16,
866,Live,https://i.scdn.co/image/ab6761610000e5eb1922ed84302e2c8e19570374,
867,Living Colour,https://i.scdn.co/image/ab6761610000e5ebea0b40f0ebe78998bc0a9240,
868,Liz Phair,https://i.scdn.co/image/ab6761610000e5eb402a22c3a4ca5550ea0c5479,
869,Lizzo,https://i.scdn.co/image/ab6761610000e5eb2f0129f850e50486a7c849b8,
870,Local Natives,https://i.scdn.co/image/ab6761610000e5ebc1d9853f5719d189baf95fe8,
871,Locksley,https://i.scdn.co/image/ab6761610000e5ebb786836bf4d2a8224365146d,
872,Looking Glass,https://i.scdn.co/image/ab67616d0000b2734c95b7cf28c3015c914218e4,
873,Lordi,https://i.scdn.co/image/ab6761610000e5ebccf15374ddb07f19a38ef26f,
874,Los Lobos,https://i.scdn.co/image/ab6761610000e5ebac4404f853105ca0ae098306,
875,Lostprophets,https://i.scdn.co/image/ab6761610000e5eba11a8478c26a985d1bfc903e,
876,Loverboy,https://i.scdn.co/image/ab6761610000e5eb02a7fb52455eea92035311dc,
877,Lucinda Williams,https://i.scdn.co/image/ab6761610000e5ebbf581205f66c4aeaac56b7ca,
878,Lucius,https://i.scdn.co/image/ab6761610000e5eb94d1910bea7fe31176585a57,
879,Luke Bryan,https://i.scdn.co/image/ab6761610000e5eb9754cf0a7b838caafa4b8b55,
880,Luscious Jackson,https://i.scdn.co/image/50dc852633c5903cda783fd5f00ce6ee0266cc9d,
881,Lynyrd Skynyrd,https://i.scdn.co/image/ab6761610000e5eb451eb07ddc6e68d3e474c2bf,
882,MC Frontalot,https://i.scdn.co/image/ab6761610000e5eb57e86bd053190368060b5e38,
883,MC Frontalot feat. Brad Sucks,,
884,MGMT,https://i.scdn.co/image/ab67616d0000b2739b7ad9a95b32b9a49cf9a327,
885,Machine Gun Kelly,https://i.scdn.co/image/ab67616d0000b273bed51eb447e0d2c2fcd5d80f,
886,Machine Gun Kelly & blackbear,,
887,"Machine Gun Kelly, YUNGBLUD & Travis Barker",,
888,Machine Head,https://i.scdn.co/image/ab6761610000e5ebd823e6b1cf48849e8413554e,
889,Magic!,https://i.scdn.co/image/ab67616d0000b2739563cb349790fc0dc5a69003,
890,Magnolia Park,https://i.scdn.co/image/ab6761610000e5eb207d370865bd45deef27f4e1,
891,Mammoth WVH,https://i.scdn.co/image/ab6761610000e5eb7117b96562a06485370d1879,
892,ManÃ¡,https://i.scdn.co/image/ab6761610000e5eb152dcec8175d19fb12eeb8e0,
893,Marcy Playground,https://i.scdn.co/image/ab6761610000e5ebc12f77e7db22099b40c86f74,
894,Marilyn Manson,https://i.scdn.co/image/ab6761610000e5eb9420fc7bac8669f61a9f45c3,
895,Maroon 5,https://i.scdn.co/image/ab6761610000e5ebf8349dfb619a7f842242de77,
896,Marshmello and Khalid,,
897,Martina McBride,https://i.scdn.co/image/ab6761610000e5eb09755e20882fa7f131d1c998,
898,Masaya Matsuura,https://i.scdn.co/image/ab67616d0000b2731a7c9fcc18dc42e9daae25ac,
899,Masked Wolf,https://i.scdn.co/image/ab6761610000e5eb7adb7ea9396861e5df517df9,
900,Mastodon,https://i.scdn.co/image/ab6761610000e5eb5490f4a4c327475719679a5f,
901,Matchbox Twenty,https://i.scdn.co/image/ab6761610000e5eb2600695faee2deeb736755f0,
902,MaxÃ¯mo Park,,
903,Mayday Parade,https://i.scdn.co/image/ab6761610000e5eb1b8ccc2a3b4388af255ec086,
904,Meat Loaf,https://i.scdn.co/image/ab6761610000e5ebd80098ab0e9b98ee0bd0795e,
905,Megadeth,https://i.scdn.co/image/ab6761610000e5ebd5233fdc8cad84de5b366f1b,
906,Megasus,https://i.scdn.co/image/ab67616d0000b273c3ddbaef2d2cba33d8f1fff6,
907,Meghan Trainor,https://i.scdn.co/image/ab6761610000e5eb365984489dac7a79eac204e3,
908,Men at Work,https://i.scdn.co/image/ab6761610000e5ebe856945244d104fcef298237,
909,Meredith Brooks,https://i.scdn.co/image/f48fbdbdb7891d93959fa39c4bc65e94c489401d,
910,Merle Haggard,https://i.scdn.co/image/3c40c48783d62db32dff0bd510250d7532b856ee,
911,Metallica,https://i.scdn.co/image/ab6761610000e5eb69ca98dd3083f1082d740e44,
912,Metric,https://i.scdn.co/image/ab6761610000e5ebf3517333f4713a51b9ee5457,
913,Michael Christmas,https://i.scdn.co/image/ab6761610000e5ebecf79fd5be85dabb0f489107,
914,Michelle Branch,https://i.scdn.co/image/ab6761610000e5ebe91d691289f4c1337a665e4f,
915,Midnight Oil,https://i.scdn.co/image/ab6761610000e5eb250d8955d025460671be2609,
916,Miley Cyrus,https://i.scdn.co/image/ab6761610000e5ebf4cccd14ec026038d713e353,
917,Militarie Gun,https://i.scdn.co/image/ab6761610000e5ebc27ceb64e5f5c457a6f34a00,
918,Milky Chance,https://i.scdn.co/image/ab6761610000e5eb1a9d9662bfeb81f1c46c0ac9,
919,Ministry,https://i.scdn.co/image/ab67616d0000b27371157026b5442e22745da984,
920,Miranda Cosgrove,https://i.scdn.co/image/373d8256edbe4a85bf8212817b96471cef4af400,
921,Miranda Lambert,https://i.scdn.co/image/ab6761610000e5eb88989ce8f824f1aa19d059c4,
922,Mission of Burma,https://i.scdn.co/image/ab6772690000c46c98dec3e7cb9cf5345cf8e750,
923,Modern English,https://i.scdn.co/image/ab6761610000e5eb1fd31f8a2d9c88bc7614fce5,
924,Modest Mouse,https://i.scdn.co/image/ab6761610000e5eb39b413eb76d2ae87496d76b8,
925,Molly Hatchet,https://i.scdn.co/image/2203a2f8b70a214c9d6a7c9f7e9f8cb5ade95d96,
926,Mom Jeans.,https://i.scdn.co/image/ab6761610000e5eb122f11f4a619b48f6750b602,
927,Montell Jordan,https://i.scdn.co/image/ab6761610000e5eb4c3f0acc0e5ef5b08e54bbb9,
928,Montgomery Gentry,https://i.scdn.co/image/ab6761610000e5eb29e385513acaec4c6bd8e97c,
929,Morningwood,https://i.scdn.co/image/cacbe15a73eecb382fc841881a522d38295e3f1b,
930,MotÃ¶rhead,,
931,Mr. Big,https://i.scdn.co/image/ab6761610000e5ebce1118adf3961b22e63179d1,
932,Mudvayne,https://i.scdn.co/image/ab6761610000e5eb9013e926945e76dbc9ad6c97,
933,Mumford & Sons,https://i.scdn.co/image/ab6761610000e5eb22f0413399a2275174f909b4,
934,Muse,https://i.scdn.co/image/ab67616d0000b2739563cb349790fc0dc5a69003,
935,Mute Math,,
936,My Chemical Romance,https://i.scdn.co/image/ab6761610000e5eb9c00ad0308287b38b8fdabc2,
937,My Kid Brother,https://i.scdn.co/image/ab6761610000e5eb2338ff0af07e60cdf1295364,
938,My Morning Jacket,https://i.scdn.co/image/ab6761610000e5ebeaaa18ce5578767a30348673,
939,MÃ¶tley CrÃ¼e,,
940,Naked Eyes,https://i.scdn.co/image/25b269c8eee1169fac30bf4f9db04ffc8a115cac,
941,Naked Gypsy Queens,https://i.scdn.co/image/ab6761610000e5ebf1c7965dc84662a5047379b3,
942,Natalie Imbruglia,https://i.scdn.co/image/ab6761610000e5eb2e023776b822635846e1f5f1,
943,Natasha Bedingfield,https://i.scdn.co/image/ab6761610000e5eb2bbb0c0f4352d833ff3b5068,
944,Nazareth,https://i.scdn.co/image/ab6761610000e5ebc5bc094a1280845770d009fa,
945,Neck Deep,https://i.scdn.co/image/ab6761610000e5eb2a272be2fa6777404247dc2b,
946,Neil Peart,,
947,Neko Case,https://i.scdn.co/image/ab6761610000e5eb07b1a967d9743d13f7c08606,
948,Nemes,https://i.scdn.co/image/ab6761610000e5ebc561b741f26dbe9c1246ac3f,
949,Neon Trees,https://i.scdn.co/image/ab6761610000e5eb2781a8f12aac83aaff949017,
950,New Found Glory,https://i.scdn.co/image/ab6761610000e5eb34ea9ad17eaf5490d01b362f,
951,New Order,https://i.scdn.co/image/ab6761610000e5eba080a8e96758f416301578f9,
952,Newfane,https://i.scdn.co/image/ab6761610000e5eb2a2130647bc51f8ded637bd6,
953,Ni/Co,https://i.scdn.co/image/ab6761610000e5eb0bdff5037e888f261ae8e617,
954,Nickelback,https://i.scdn.co/image/ab6761610000e5eb4ad382f899596d8c7b9e8e09,
955,Nicki Minaj,https://i.scdn.co/image/ab6761610000e5eb07a50f0a9a8f11e5a1102cbd,
956,Night Ranger,https://i.scdn.co/image/ab6761610000e5eb9e8c55f799964f5194cc5999,
957,Nightmare Air,https://i.scdn.co/image/ab6761610000e5eb826d94cc569831c74e480403,
958,Nightwish,https://i.scdn.co/image/ab6761610000e5ebf3284e60d4e43c9a7b52c08d,
959,Nikko,https://i.scdn.co/image/ab6761610000e5eb160cb6d44f778bd02cd606db,
960,Nine Days,https://i.scdn.co/image/ab6761610000e5eb73b4834ba79e28008b603874,
961,Nine Inch Nails,https://i.scdn.co/image/ab6761610000e5eb752fca27c5b839ea47d5100d,
962,Nirvana,https://i.scdn.co/image/84282c28d851a700132356381fcfbadc67ff498b,
963,No Doubt,https://i.scdn.co/image/ab6772690000c46c2bc169ddd09632b994baf3b1,
964,No Small Children,https://i.scdn.co/image/ab6761610000e5eb5897c5b5f518a83464d37f9c,
965,Norman Greenbaum,https://i.scdn.co/image/0eb947b89f490acd881efd2f73e4cb931e046810,
966,OK Go,https://i.scdn.co/image/ab6761610000e5ebaaac178e4c105c266f008224,
967,OMI,https://i.scdn.co/image/ab67616d0000b2730408d21757e8d272e79d0f12,
968,ORION,https://i.scdn.co/image/ab6761610000e5eba54e653428cded1a4791ad24,
969,Oasis,https://i.scdn.co/image/ab6761610000e5ebb4ddbc39706ef0f2ae0f7c9b,
970,Octavision,https://i.scdn.co/image/ab6761610000e5ebd659fa02c811ba3ebf665d94,
971,Of Mice & Men,https://i.scdn.co/image/ab6761610000e5ebdb9bbab9b7527362c934234c,
972,Of Monsters and Men,https://i.scdn.co/image/ab6761610000e5eb09b011f4b7d3449178e78887,
973,Oh Honey,https://i.scdn.co/image/ab6761610000e5ebd9629488830d39fc056b051e,
974,Ohio Players,https://i.scdn.co/image/23212728cebb091acf4c1192b6f25c553c01c415,
975,Oingo Boingo,https://i.scdn.co/image/eaf55ebd8f48bd95b3c203237ff550161288999e,
976,Ok Go,https://i.scdn.co/image/ab6761610000e5ebaaac178e4c105c266f008224,
977,Old 97's,https://i.scdn.co/image/ab6761610000e5ebf1ddbf901b0581a473305e4c,
978,Old Dominion,https://i.scdn.co/image/ab6761610000e5ebcf94739cd8366fe8b8db4ebe,
979,Oldsoul,https://i.scdn.co/image/ab6761610000e5eb5d84100f23e35f0ef8ba556f,
980,Oliver Tree,https://i.scdn.co/image/ab6761610000e5eb2615ef39cf9128c447b31619,
981,Olivia Rodrigo,https://i.scdn.co/image/ab6761610000e5ebe03a98785f3658f0b6461ec4,
982,One Direction,https://i.scdn.co/image/5bb443424a1ad71603c43d67f5af1a04da6bb3c8,
983,One Night Only,https://i.scdn.co/image/ab6761610000e5eb51ee9a2b8cab812173d87f76,
984,OneRepublic,https://i.scdn.co/image/ab6761610000e5eb587687df50a967731901fcc2,
985,Opeth,https://i.scdn.co/image/ab6761610000e5eb45e1bb6e5285297f9e55e550,
986,Opiate for the Masses,https://i.scdn.co/image/ab67616d0000b273a07d84b098c7222d1263a001,
987,Orgy,https://i.scdn.co/image/ab67616d0000b273e7692be3f17e50f0c5f49116,
988,Orianthi,https://i.scdn.co/image/ab6761610000e5ebf18f142cf7fce5068eaee846,
989,Orleans,https://i.scdn.co/image/ab6761610000e5eb73623115b3d4b9f03184d118,
990,Otis Redding,https://i.scdn.co/image/4ad89c805aff0fb76b01b6b62b39e21fcd8943c3,
991,Our Last Night,https://i.scdn.co/image/ab6761610000e5eb9284eb7ab597b8b48e46bbdd,
992,Owl City,https://i.scdn.co/image/ab6761610000e5ebce3fbd73ae4f8b3ff54a0a5c,
993,Ozzy Osbourne,https://i.scdn.co/image/ab6761610000e5ebb5b52f7e13f720c7a4856306,
994,P!nk,https://i.scdn.co/image/ab67616d0000b273dea2d7ef77ad8e3ec3739d23,
995,P.O.D.,https://i.scdn.co/image/ab6761610000e5eb883971f1783ecc800639920c,
996,PREACHERVAN,https://i.scdn.co/image/ab6761610000e5ebc63578eeb4cba6789310c4b1,
997,PUP,https://i.scdn.co/image/1e721c9502da1663fe9dd0b9f8a90519546f0a9f,
998,Panic! at the Disco,https://i.scdn.co/image/ab6761610000e5ebb256ae9a4b82bfff97776ae2,
999,Pantera,https://i.scdn.co/image/ab6761610000e5ebe21999c0102c240bdf094d9b,
1000,Papa Roach,https://i.scdn.co/image/ab6761610000e5eb170958adc93250084c317cfc,
1001,Paramore,https://i.scdn.co/image/ab6761610000e5ebb10c34546a4ca2d7faeb8865,
1002,Parks,https://i.scdn.co/image/ab6761610000e5eb7c655a5e51f4eb6e72a61b52,
1003,Parlour Bells,https://i.scdn.co/image/ab67616d0000b273a401ac7fc9fe57518e9ec913,
1004,Party Bois,,
1005,Pat Benatar,https://i.scdn.co/image/8cd9a623b274a9e694aa7bae28f541d3977673ec,
1006,Paul McCartney & Wings,,
1007,Paul and Storm,https://i.scdn.co/image/ab6761610000e5ebd5a7cfda7c25895eb2868ee3,
1008,Pearl Jam,https://i.scdn.co/image/ab6761610000e5ebe431fb8ba17cdee73e4ce08a,
1009,Permaband,https://i.scdn.co/image/ab67616d0000b27361363577124f3d1d1060ec3e,
1010,Pete Townshend,https://i.scdn.co/image/7970b65abb635b49a8993fa11c440f1243bb37ae,
1011,Peter Cetera,https://i.scdn.co/image/d25e8d5f1d06e238771595e9b2fda6063454e85f,
1012,Peter Frampton,https://i.scdn.co/image/ab6761610000e5ebdf422233531e21eefeec9996,
1013,Petty Morals,https://i.scdn.co/image/ab6761610000e5ebcf270bbc0a0cb4c9d9206bab,
1014,Pharrell Williams,https://i.scdn.co/image/ab6761610000e5ebf0789cd783c20985ec3deb4e,
1015,Phish,https://i.scdn.co/image/ab6761610000e5ebb3be3bb00408683dffacc4d2,
1016,Phoenix,https://i.scdn.co/image/ab6761610000e5eb722051daeb10119e2e039724,
1017,Picture Me Broken,https://i.scdn.co/image/ab67616d0000b27372dfb8de2968ff7d2b923de9,
1018,Pierce the Veil,https://i.scdn.co/image/ab6761610000e5eb6f8f8d13be17bf486219edc7,
1019,Pigs Pigs Pigs Pigs Pigs Pigs Pigs,https://i.scdn.co/image/ab6761610000e5ebb68e9206a26f0f2937e227b4,
1020,Pink,https://i.scdn.co/image/e69f71e2be4b67b82af90fb8e9d805715e0684fa,
1021,Plain White T's,https://i.scdn.co/image/ab6761610000e5ebe7307e9f17a33d20de1688ae,
1022,Platero y TÃº,,
1023,Player,https://i.scdn.co/image/d7ff464ac91876da5a5e74539c4dde2675785031,
1024,Pleymo,https://i.scdn.co/image/ab67616d0000b273081dd5fb661aa183f0a1d11e,
1025,Poison,https://i.scdn.co/image/ab6761610000e5eb722d0d90fff7b80f6ec6a6a2,
1026,Poni Hoax,https://i.scdn.co/image/ab6761610000e5ebc7696bb3e567d7b2ee9bde67,
1027,Portugal. The Man,https://i.scdn.co/image/ab6761610000e5ebe20c61457ea3c2fdef20c326,
1028,Post Malone,https://i.scdn.co/image/ab6761610000e5ebe17c0aa1714a03d62b5ce4e0,
1029,Potty Mouth,https://i.scdn.co/image/ab6761610000e5eb16faec2f493241cb2db3d88c,
1030,Presidents of the United States of America,https://i.scdn.co/image/ab6761610000e5eb5f58fb70bc91512a98ad530b,
1031,Pretty Girls Make Graves,https://i.scdn.co/image/ab6761610000e5eb9956c4e3dcfe9eb78bc9ff0d,
1032,Primus,https://i.scdn.co/image/ab6761610000e5eb54ed648a0c70ed8910840f4a,
1033,Prince Daddy & The Hyena,https://i.scdn.co/image/ab6761610000e5eb6f2dc4a8a728aac3d962ba6d,
1034,Procol Harum,https://i.scdn.co/image/ab6761610000e5eb2af24c397e6ba11f49516dd9,
1035,Prong,https://i.scdn.co/image/ab6761610000e5ebd7a0b9a7a4102611a0a649ab,
1036,Puddle of Mudd,https://i.scdn.co/image/ab6761610000e5eb8e0981b1159d4027f19ffcfc,
1037,Queen,https://i.scdn.co/image/b040846ceba13c3e9c125d68389491094e7f2982,
1038,"Queens Of The Stone A
ge",,
1039,QueensrÃ¿che,,
1040,Quiet Riot,https://i.scdn.co/image/2639448c11dfe54f33fd747f44093bb4aea936e0,
1041,REO Speedwagon,https://i.scdn.co/image/ab6761610000e5ebfc5a03aa1823cfbe08b8b2ed,
1042,Radio Compass,https://i.scdn.co/image/ab6761610000e5eb488a676476221fc41cbdd2d5,
1043,Rage Against the Machine,https://i.scdn.co/image/ab6761610000e5ebda4bd2b213cae330e2a4a901,
1044,Ram Jam,https://i.scdn.co/image/ab6761610000e5ebd95b7f3ef71a7fc9d2173cf5,
1045,Rammstein,https://i.scdn.co/image/ab6761610000e5eb32845b1556f9dbdfe8ee6575,
1046,Ramones,https://i.scdn.co/image/ab6761610000e5eb5b9f46a5c5bf8243179d56b0,
1047,Rancid,https://i.scdn.co/image/ab6761610000e5eb9ef1337f472668ab2c5aedcd,
1048,Rascal Flatts,https://i.scdn.co/image/ab6761610000e5eb6772748e5cd3c3de721f8c03,
1049,Ratboys,https://i.scdn.co/image/ab6761610000e5eb04eddff1ed28df0065c09448,
1050,Ratt,https://i.scdn.co/image/ab6772690000c46c9fd4055a34d4d6d6a0314138,
1051,Ravi Shavi,https://i.scdn.co/image/ab67616d0000b2735511eb43227f1519c701c44d,
1052,Ray Parker Jr.,https://i.scdn.co/image/112bf0d1817b5cffc0874ff8f147d7b6ba2b9cc3,
1053,Reba McEntire,https://i.scdn.co/image/ab6761610000e5eb93f5991b555305b2314d0fcf,
1054,Red Hot Chili Peppers,https://i.scdn.co/image/ab6761610000e5ebc33cc15260b767ddec982ce8,
1055,Redbone,https://i.scdn.co/image/ab6761610000e5ebeb9c771371e6e5d14588963d,
1056,Reel Big Fish,https://i.scdn.co/image/ab6761610000e5eb3e2cc3b6c73d974a0f6b91b3,
1057,Relient K,https://i.scdn.co/image/ab6761610000e5eb1e0743a3e000215916f70238,
1058,Richard Thompson,https://i.scdn.co/image/ab6761610000e5ebb3dbdec1592c785d341df182,
1059,Rick Astley,https://i.scdn.co/image/ab6761610000e5eb019782a5d4654e00db2a28a0,
1060,Rick Derringer,https://i.scdn.co/image/894c4156ce1eadbbe6582ab7aa39fd55f6067e52,
1061,Rick James,https://i.scdn.co/image/e6c035ae9b2a8dd5cf6a3c5f4a0b274d5ff2a605,
1062,Rick Springfield,https://i.scdn.co/image/ab6761610000e5eb5cc5140fd4e3342f3a6d25ff,
1063,Rilo Kiley,https://i.scdn.co/image/ab6761610000e5eb4c03bb08d83323d1b829b7e6,
1064,Ripe,https://i.scdn.co/image/80230921f3d0c8bd777b39133506f3e103317539,
1065,Rise Against,https://i.scdn.co/image/ab6761610000e5eb071291b50cd2f68a7bfe1337,
1066,Rival Sons,https://i.scdn.co/image/ab6761610000e5eb2c5c942ddfae1fb789ace849,
1067,Riverboat Gamblers,https://i.scdn.co/image/ab6761610000e5eb5c32f4ddf45a8673c866ddea,
1068,Rob Zombie,https://i.scdn.co/image/ab6761610000e5eb40a6cfc37fa94d54d28aca22,
1069,Robert Palmer,https://i.scdn.co/image/d0f9136003814386988d37964be13b1da0b1c6e1,
1070,Roxette,https://i.scdn.co/image/ab6761610000e5eb347ca7e9f41f3ff8e2b19034,
1071,Roy Orbison,https://i.scdn.co/image/ab6761610000e5eb63c7956d7de45418d7fe6b25,
1072,Royal Blood,https://i.scdn.co/image/ab6761610000e5eb084460131f00afc4621c4e38,
1073,Ruby Rose Fox,https://i.scdn.co/image/ab6761610000e5ebe8eb7a5096da64060a76ab92,
1074,Rufus (featuring Chaka Khan),https://i.scdn.co/image/d1995c2dfdf8c3ec007a1e0abb032a6c8b9d2616,
1075,Run-DMC,https://i.scdn.co/image/1bf54468fa9c772af8f514a20a99631fd35b2dbc,
1076,Rupert Holmes,https://i.scdn.co/image/e1dc3194e0bdb35d1c0200eb50f9dc6dcb301888,
1077,Rush,https://i.scdn.co/image/ab6761610000e5ebab273cfca9319242eefdcd90,
1078,Rusted Root,https://i.scdn.co/image/b5b373320c9227139aeff47df393465a8e579351,
1079,STL GLD,https://i.scdn.co/image/ab6761610000e5eb6ee87f19929fdaa0c468ef1e,
1080,Saint Motel,https://i.scdn.co/image/ab6761610000e5ebde9ed0b3261ebc3b71f1e3df,
1081,Saint Raymond,https://i.scdn.co/image/ab6761610000e5ebbbc551d44c35c4f323f42eac,
1082,Sam Hunt,https://i.scdn.co/image/ab6761610000e5eb800647d0d619aa4bbfc10a53,
1083,Sammy Hagar,https://i.scdn.co/image/ab6761610000e5eb9dc3e6da940b26f4695adc3b,
1084,Santana,https://i.scdn.co/image/ab6761610000e5eb09882b1b7b33732abd60fc38,
1085,Sara Evans,https://i.scdn.co/image/ab6761610000e5ebda10d709fefcb48fbdad45ad,
1086,Savage Garden,https://i.scdn.co/image/ab6761610000e5eba218283491135c3c72911719,
1087,Save Face,https://i.scdn.co/image/ab6761610000e5ebe4e30fd8dd1a87ddcded4fa3,
1088,Save Ferris,https://i.scdn.co/image/ab6761610000e5eb2d52a4e013687ac0d348ab94,
1089,Scandal,https://i.scdn.co/image/ab6761610000e5eb002785d2b3bcc4bf0fbce8db,
1090,Scars on Broadway,https://i.scdn.co/image/ab6761610000e5eb13f6ccb5f761c17e2c928518,
1091,Scorpions,https://i.scdn.co/image/ab6761610000e5eb7440170c0628c2945da819c3,
1092,Screaming Trees,https://i.scdn.co/image/ab6761610000e5eb7c8bb5704a37a593587ac2e8,
1093,Seasick Steve,https://i.scdn.co/image/ab6761610000e5eb40d060d4fbe57334dfe4121d,
1094,Semi Precious Weapons,https://i.scdn.co/image/899d4aa8096a0821a1d946f37538bb38c0f57560,
1095,Semisonic,https://i.scdn.co/image/ab6761610000e5ebcbac00ef1ac185c67665e970,
1096,Serj Tankian,https://i.scdn.co/image/ab6761610000e5ebfda268d9e79a9a51bed597b1,
1097,Set It Off,https://i.scdn.co/image/ab6761610000e5ebdcde4cdb6b61ee2260316672,
1098,Seven Mary Three,https://i.scdn.co/image/ab6761610000e5eb4ecc6791cc830f8e67439615,
1099,Shaimus,https://i.scdn.co/image/ab67616d0000b273852be95b4c9f83dab67a4ecd,
1100,Shania Twain,https://i.scdn.co/image/ab6761610000e5eb01022f4092cb96e0a91811a5,
1101,Shawn Mendes,https://i.scdn.co/image/ab6761610000e5eb58b4b9419486550f6fda0535,
1102,Sheryl Crow,https://i.scdn.co/image/ab6761610000e5eb962c94da847bcc4ef21c4ad9,
1103,Shinedown,https://i.scdn.co/image/ab6761610000e5eb5c83ee58ebb4cfeed8a528e2,
1104,Ships Have Sailed,https://i.scdn.co/image/ab6761610000e5eb066ef40076ec802b63cd14ac,
1105,Shocked Laura,,
1106,Shooter Jennings,https://i.scdn.co/image/ab6761610000e5eb66fe9754bd804e62edab0991,
1107,Sia,https://i.scdn.co/image/ab67616d0000b2734fdb5283ef51ee18e5f29ebd,
1108,Silverchair,https://i.scdn.co/image/ab6761610000e5eb61c676a8416dd369d5560b2f,
1109,Silverstein,https://i.scdn.co/image/ab6761610000e5eb9d86fe497730c4c432d3ed1c,
1110,Silversun Pickups,https://i.scdn.co/image/ab6761610000e5ebd3c9dc38ed243e584ba7cce3,
1111,Silvertide,https://i.scdn.co/image/7cc4ac57b74a00b9318cc75afa0e4c727c64d3db,
1112,Simple Minds,https://i.scdn.co/image/ab6761610000e5eb83e9da1d7f9d7da25c9e1e53,
1113,Simple Plan,https://i.scdn.co/image/ab6761610000e5ebf8a6c76b696c37d752a6797e,
1114,Simple Plan & State Champs feat. We the Kings,,
1115,Siouxsie and The Banshees,https://i.scdn.co/image/ab6761610000e5eb924bb9e7396ad3bc32cfeab0,
1116,Sister Hazel,https://i.scdn.co/image/ab6761610000e5ebfd2453b87dde4f544a14988f,
1117,Sister Sledge,https://i.scdn.co/image/ab6761610000e5eb3e3e634435f477df50760eae,
1118,Sixx:A.M.,https://i.scdn.co/image/ab6761610000e5ebfbe3966172a4e2395f3f7daa,
1119,Skid Row,https://i.scdn.co/image/ab6761610000e5eb59fe65d4b1e00e486f285167,
1120,Skillet,https://i.scdn.co/image/ab6761610000e5eb8d1be46721e37bc398ec96e7,
1121,Skizoo,https://i.scdn.co/image/ab67616d0000b273809746d9d1d1dd65c86b22e4,
1122,Skratch'N Snyf,,
1123,Slayer,https://i.scdn.co/image/8c81130db7b5f933412c4906c30327817f1e1b43,
1124,Sleep Token,https://i.scdn.co/image/ab6761610000e5ebd00c2ff422829437e6b5f1e0,
1125,Slipknot,https://i.scdn.co/image/ab6761610000e5ebd0cdb283a7384a0edb665182,
1126,Slydigs,https://i.scdn.co/image/ab6761610000e5ebbd076becdd89bf044115bd57,
1127,Smash Mouth,https://i.scdn.co/image/ab6761610000e5ebd58661b3aa9d077580e8aa4e,
1128,Smashing Pumpkins,https://i.scdn.co/image/ab6761610000e5eba7f80939b43d9efe1ca73a22,
1129,Snoop Dogg,https://i.scdn.co/image/ab6761610000e5ebc19a88576ebe6fcbb325c297,
1130,Snow Patrol,https://i.scdn.co/image/ab6761610000e5eb9b328846dc38b0a620da1ce2,
1131,Social Distortion,https://i.scdn.co/image/ab6761610000e5eb233cfb91e84bc512c6456fde,
1132,Soft Cell,https://i.scdn.co/image/ab6772690000c46c0564b6c825349fc15885bd76,
1133,Solence,https://i.scdn.co/image/ab6761610000e5ebd2dda536c81dedb465a452e5,
1134,Soul Remnants,https://i.scdn.co/image/ab67616d0000b273883eb4305140c58360042662,
1135,Soundgarden,https://i.scdn.co/image/ab6761610000e5ebafa254b2a224584485286526,
1136,Spacehog,https://i.scdn.co/image/ab6761610000e5ebd6dded4cb333312599b0ac21,
1137,Speck,https://i.scdn.co/image/ab6761610000e5eb385805453739a25d7e540060,
1138,Spell,https://i.scdn.co/image/ab67616d0000b27307617d85eb1247831991d703,
1139,Spin Doctors,https://i.scdn.co/image/ab6761610000e5eb407e011fe4e9100c670c0074,
1140,Spinal Tap,https://i.scdn.co/image/ab6761610000e5eb5bc42c341035835cdbd092e4,
1141,Spirit Kid,https://i.scdn.co/image/ab6761610000e5ebca8b6a5e0552280cbd08c0c2,
1142,Spiritbox,https://i.scdn.co/image/ab6761610000e5eb501369c8b24b71bb2dcca603,
1143,SpongeBob SquarePants,https://i.scdn.co/image/ab6761610000e5eb877d4c061d08c040974224be,
1144,Squeeze,https://i.scdn.co/image/ab6761610000e5eb1fc60c1dd11fd220e6ba15b5,
1145,Staind,https://i.scdn.co/image/ab6761610000e5eba43eff361de1d811e2d17adb,
1146,Starcrawler,https://i.scdn.co/image/ab6761610000e5ebef7045e445e49766b7ac843a,
1147,Starset,https://i.scdn.co/image/ab6761610000e5eb3cdc0a8bc1ebe3069136eebe,
1148,Starship,https://i.scdn.co/image/ab6761610000e5eb4bfb2d74ef7e09a1ebdd988d,
1149,Static-X,https://i.scdn.co/image/ab6761610000e5eb7f4a72d9541571d430c157c7,
1150,Status Quo,https://i.scdn.co/image/ab6761610000e5eb6724477b2d922b4b0c18c37d,
1151,Steely Dan,https://i.scdn.co/image/9d01e4e9aac39b891d684d3d1a5b3a451d7c72bd,
1152,Stephen Sanchez,https://i.scdn.co/image/ab6761610000e5eb1e97fce6fa6fc4ebc3ebda25,
1153,Stephen and the Colberts,,
1154,Steppenwolf,https://i.scdn.co/image/8208d86ed91c50bc9ffbf8f436c6e323e6bda480,
1155,Steve Earle,https://i.scdn.co/image/ab6761610000e5eb9df7776d38d37e7543548cad,
1156,Steve Harley & Cockney Rebel,https://i.scdn.co/image/fdb9ccad99df360ffc1e5b0bc238bd56844a5ebf,
1157,Steve Miller Band,https://i.scdn.co/image/ab6761610000e5eb624ddceb90bdf808ed4e2e35,
1158,Steve Pardo,https://i.scdn.co/image/ab6761610000e5ebdecb4a9d7aefbb575cd4e177,
1159,Stevie Nicks,https://i.scdn.co/image/ab6761610000e5ebff4ca8de3c5605e889efab75,
1160,Stevie Ray Vaughan and Double Trouble,https://i.scdn.co/image/1de60c936683320769a1bfb6fba7f75902859085,
1161,Stevie Wonder,https://i.scdn.co/image/c59faacbed7aa770266bad048660810eca204108,
1162,Stone Sour,https://i.scdn.co/image/ab6761610000e5ebf4c48660e778eeea3d9f1c5b,
1163,Stone Temple Pilots,https://i.scdn.co/image/ab6761610000e5eb4bb64f87db255d76538b905f,
1164,Styx,https://i.scdn.co/image/ab6761610000e5ebacb6a1310cd73308c2af0c5b,
1165,Styx/REO Speedwagon,https://i.scdn.co/image/ab67616d0000b273b87b53df0dca1426893260f8,
1166,Sub Urban,https://i.scdn.co/image/ab6761610000e5eb00a620f751130cb3e387b986,
1167,Sublime,https://i.scdn.co/image/ab6761610000e5ebe726280500259dbdb97a8be4,
1168,Sublime with Rome,https://i.scdn.co/image/ab6761610000e5ebd30432b645c6690b53be92c3,
1169,Sueco,https://i.scdn.co/image/ab6761610000e5eb83e9737457a4a0c1c2a61d2f,
1170,Sugar Ray,https://i.scdn.co/image/ab6761610000e5ebcebc241b0751f4125adfe41d,
1171,Sugarcult,https://i.scdn.co/image/ab6761610000e5eb86bc3dbfacb4a34317d47cd8,
1172,Sugarland,https://i.scdn.co/image/ab6761610000e5ebed9c4a676ace03ebf1f8a35f,
1173,Sum 41,https://i.scdn.co/image/ab6761610000e5eb625af80b68ae4eb559c6c417,
1174,Superchick,https://i.scdn.co/image/ab67616d0000b2730fba0a3ab7c41031a622f5ce,
1175,Supergrass,https://i.scdn.co/image/ab6761610000e5eb07cb4c66b99dffbd82328366,
1176,Surf Curse,https://i.scdn.co/image/ab6761610000e5eb7fabcff4fe07270f07039355,
1177,Survivor,https://i.scdn.co/image/da30acd2c9d0f32f5f5a2d69f32c2d30335466b5,
1178,Sweet,https://i.scdn.co/image/ab67616d0000b2734ce638e342385d9e040996ad,
1179,Sweet Billy Pilgrim,https://i.scdn.co/image/ab6761610000e5eb9273e2f79336d08747e1bfff,
1180,Sweet Pill,https://i.scdn.co/image/ab6761610000e5eb102fd85a8b321040a70c2670,
1181,Swingin' Utters,https://i.scdn.co/image/a9d338fd0941e37f58f6055799d6cf01147fd576,
1182,Switchfoot,https://i.scdn.co/image/ab6761610000e5eb1182ae93b58a17bc688564fb,
1183,Symphony X,https://i.scdn.co/image/ab6761610000e5eb54935264e9cf5607a3e98686,
1184,System of a Down,https://i.scdn.co/image/ab6761610000e5eb60063d3451ade8f9fab397c2,
1185,TOWNS,https://i.scdn.co/image/ab6761610000e5eb6b5a162e53e69b33603b5921,
1186,TV on the Radio,https://i.scdn.co/image/ab6761610000e5ebc5eb8f206eb9065389277634,
1187,Tai Verdes,https://i.scdn.co/image/ab6761610000e5eb449bb7c30ee9b59e79a89f99,
1188,Taking Back Sunday,https://i.scdn.co/image/ab6761610000e5eb64e2c1bde6876d4a31c4d939,
1189,Tate McRae,https://i.scdn.co/image/ab6761610000e5eb0ac65fc565cc8b59d561ee34,
1190,Tears for Fears,https://i.scdn.co/image/ab6761610000e5eb1e63dea1bded4ae1d53b5c9a,
1191,Ted Nugent,https://i.scdn.co/image/ab6761610000e5eb030bcb95866eee7f4a49961c,
1192,Teenage Wrist,https://i.scdn.co/image/ab6761610000e5eb79a413bb6c04665620e71f34,
1193,Tegan and Sara,https://i.scdn.co/image/ab6761610000e5ebb6517a925a998cfebdecc8bd,
1194,Temple of the Dog,https://i.scdn.co/image/ab6761610000e5ebf47df3543858204550cc19d3,
1195,Tenacious D,https://i.scdn.co/image/ab6761610000e5eb7637f18f419921b8d24bd9e5,
1196,Testament,https://i.scdn.co/image/ab6761610000e5eb450264e732bd079570260538,
1197,That Handsome Devil,https://i.scdn.co/image/ab6761610000e5ebe9a9a881ed66b6d5864e6d4b,
1198,The 1975,https://i.scdn.co/image/ab6761610000e5eb0c6e752cbb1e6d1416970f5a,
1199,The 88,https://i.scdn.co/image/4f900237684328e7d6c1de7490b4799bc7d89f8e,
1200,The Aces,https://i.scdn.co/image/ab6761610000e5ebe0a140e82a23be5a9f59844d,
1201,The Acro-Brats,https://i.scdn.co/image/ab67616d0000b273b80105af4505fcdb057bb189,
1202,The All-American Rejects,https://i.scdn.co/image/ab6761610000e5eb8a05b6b10635b63ebc45ae54,
1203,The Allman Brothers Band,,
1204,The Almost,https://i.scdn.co/image/ab6761610000e5eb43e34fa110f975098531d761,
1205,The Automatic,https://i.scdn.co/image/ab6761610000e5eb48e7aa2eb41588651b045b4c,
1206,The B-52's,https://i.scdn.co/image/ab6761610000e5eb85c1d77e63082caf426f6d59,
1207,The Band,https://i.scdn.co/image/750c386b0ca07258347328b68e171bfcc1addead,
1208,The Bangles,https://i.scdn.co/image/ab6761610000e5ebff0fb8cdea3f4b4ba33e8b08,
1209,The Barbazons,,
1210,The Bergamot,https://i.scdn.co/image/ab6761610000e5eb699556a9fa300128e56e5485,
1211,The Bervet,,
1212,The Black Cheers,https://i.scdn.co/image/ab6761610000e5eb73f4b1172cf85c51af40f563,
1213,The Black Crowes,https://i.scdn.co/image/ab6761610000e5eb791fd863f3e6d97157b9a0b1,
1214,The Black Dahlia Murder,https://i.scdn.co/image/ab6761610000e5ebe026ca151707ae3679a94960,
1215,The Black Eyed Peas,https://i.scdn.co/image/ab67616d0000b2734cd8c3a314963ceed66c5350,
1216,The Black Keys,https://i.scdn.co/image/ab6761610000e5eb2383f032c2aebc76cf3780ed,
1217,The Blue Stones,https://i.scdn.co/image/ab6761610000e5ebe4cea917b68726aadb4854b8,
1218,The Both,https://i.scdn.co/image/ab6761610000e5ebea4e50a3c95e9024bb990fb9,
1219,The Bouncing Souls,https://i.scdn.co/image/ab6761610000e5eb9d0a1b18c03672e622b07cd4,
1220,The Bravery,https://i.scdn.co/image/ab6761610000e5ebf8c27bb10b12f42de3cbe41a,
1221,The Brevet,https://i.scdn.co/image/ab6761610000e5ebccc291f673cf628b53a42575,
1222,The Bronx,https://i.scdn.co/image/ab6761610000e5eb5e0ed6db531cb43b277f98bf,
1223,The Cab,https://i.scdn.co/image/ab6761610000e5ebc58f5cd074141184c9b3a58c,
1224,The Calling,https://i.scdn.co/image/ab6761610000e5eb38d8424c0aad47b9167e5556,
1225,The Cars,https://i.scdn.co/image/ccef506dcc1eafa2f44270918b3ba962e67ea3ad,
1226,The Chainsmokers & Coldplay,,
1227,The Chemical Brothers,https://i.scdn.co/image/ab6761610000e5ebae05213e52565bfd7e7489b3,
1228,The Chevelles,https://i.scdn.co/image/ab6761610000e5eb63a63eee9559c34a5863b7ad,
1229,The Coral,https://i.scdn.co/image/ab6761610000e5ebc5fa6b8d66b263ccc1a3a8cd,
1230,The Cramps,https://i.scdn.co/image/fc6b731da9ccf21380f2c32a37a825b8b6e41fc8,
1231,The Cranberries,https://i.scdn.co/image/143c01f407ed64a4b3bcbc92d24c05ef80981251,
1232,The Cult,https://i.scdn.co/image/ab6761610000e5eb84dd49fca89ff6df6f2124e5,
1233,The Damned,https://i.scdn.co/image/ab6761610000e5eb74d54a7637698345f4befc3c,
1234,The Dark Element,https://i.scdn.co/image/ab6761610000e5eb3ca2ae98538ae78e8f3f8baa,
1235,The Darkest of the Hillside Thickets,https://i.scdn.co/image/ab67616d0000b273d6dda8810b782007adc88cd6,
1236,The Darkness,https://i.scdn.co/image/ab6761610000e5eb23ad3dc93f4e2cad03f726be,
1237,The Dead Weather,https://i.scdn.co/image/f0a510f1be43dcb3bc104b2b089342887fa13463,
1238,The Decemberists,https://i.scdn.co/image/ab6761610000e5eb98bedc4e1c0b1be33ee7da6d,
1239,The Devil Wears Prada,https://i.scdn.co/image/ab6761610000e5ebe3bb40229a22b1fab43e312b,
1240,The Distillers,https://i.scdn.co/image/ab6761610000e5eb34f7e41698b038806c2ce7bb,
1241,The Donnas,https://i.scdn.co/image/e7ab2a829395e4468c0224cd1ccb9db8d68746a0,
1242,The Doobie Brothers,https://i.scdn.co/image/ab6761610000e5eb28f5622994674caec36fd95c,
1243,The Doors,https://i.scdn.co/image/ab6761610000e5eb440959e022afc20e819050bd,
1244,The Edgar Winter Group,https://i.scdn.co/image/ab6761610000e5eb134c44c4b9905995938cf881,
1245,The Eiffels,https://i.scdn.co/image/ab6761610000e5ebb962cf1d243d9847497cbe85,
1246,The Faim,https://i.scdn.co/image/ab6761610000e5eb6b172a9b855070d0c2207fb7,
1247,The Fall of Troy,https://i.scdn.co/image/ab6761610000e5eb4048ce91ac98fa5a7fdeef08,
1248,The Flys,https://i.scdn.co/image/ab6761610000e5ebba6ae123005ef25326b57278,
1249,The Foxies,https://i.scdn.co/image/ab6761610000e5eb526fb0f2d33c88029c34fd7f,
1250,The Fratellis,https://i.scdn.co/image/ab6761610000e5ebd693efe23dcda7b9595e77ec,
1251,The Futureheads,https://i.scdn.co/image/ab6761610000e5ebdc850d067e6bbfbb6409f69a,
1252,The Glorious Sons,https://i.scdn.co/image/ab6761610000e5eb00bdcb9b72c275e4b5e0cdad,
1253,The Grateful Dead,,
1254,The Guess Who,https://i.scdn.co/image/ab6761610000e5ebec6d4add2eed2df5cb18d909,
1255,The Haunted,https://i.scdn.co/image/ab6761610000e5ebd6c36e05b8ce535fe698b84e,
1256,The Head and the Heart,https://i.scdn.co/image/ab6761610000e5ebad20de0e4a289e3320c2406f,
1257,The Heavy Heavy,https://i.scdn.co/image/ab6761610000e5eb0ee3c371765c261458e79ea4,
1258,The Hives,https://i.scdn.co/image/ab6761610000e5eb53835e3606d53fc048e6dac8,
1259,The Hollies,https://i.scdn.co/image/722e36849bde408b99330c713ebeb19157eabc89,
1260,The Human League,https://i.scdn.co/image/ab6761610000e5eb2aeee2aea5a1a1e3b76b0501,
1261,The Hunna,https://i.scdn.co/image/ab6761610000e5eb384e041e35f7e3f62cde2295,
1262,The Isley Brothers,https://i.scdn.co/image/ab6761610000e5eb6a73ed54b07cd71d3b1f4789,
1263,The J. Geils Band,https://i.scdn.co/image/314a7c90c1d6fc4b33adb2da62e05a48a1767a14,
1264,The Jackson 5,https://i.scdn.co/image/19f768d93f6c80f7d4ca5b906e1c0376a3704389,
1265,The Janitors,https://i.scdn.co/image/ab6761610000e5eb2b08173f727d8be234667a39,
1266,The Jimi Hendrix Experience,,
1267,The Knack,https://i.scdn.co/image/3f5a283dfaf275c565879058920e5ec99f9833b5,
1268,The Konks,https://i.scdn.co/image/ab67616d0000b2733e43d8592938332c40d8ef28,
1269,The Kooks,https://i.scdn.co/image/ab6761610000e5ebdb445115fc89f2ede86dab8a,
1270,The Len Price 3,https://i.scdn.co/image/ab6761610000e5eb23e63899a220692cb76c941d,
1271,The Lighthouse and the Whaler,https://i.scdn.co/image/ab6761610000e5eb0c68e52d163ab0c3821cd3eb,
1272,The Linda Lindas,https://i.scdn.co/image/ab6761610000e5eb6147fc296c721f1143132bbf,
1273,The Lumineers,https://i.scdn.co/image/ab6761610000e5eb0f882273183345499155d6ed,
1274,The Main Drag,https://i.scdn.co/image/ab67616d0000b273e917d315c67475e3aeb6cb10,
1275,"The Maine, Taking Back Sunday, and Charlotte Sands",,
1276,The Material,https://i.scdn.co/image/ab6761610000e5eb980a3f33c7a4a82e4cd81a3a,
1277,The Mighty Mighty Bosstones,https://i.scdn.co/image/ab6761610000e5ebcaa457b536c6dd12009a194d,
1278,The Mother Hips,https://i.scdn.co/image/ab6761610000e5ebab8bdd5c6df5fbcf2700687c,
1279,The Muffs,https://i.scdn.co/image/ab6772690000c46c7babd1874ba16b41cc6de32b,
1280,The Myriad,https://i.scdn.co/image/ab6761610000e5ebb03efd13e3f837ca0d9e082c,
1281,The Naked Brothers Band,https://i.scdn.co/image/ab67616d0000b273a66e98d26324319e5b8f444a,
1282,The Neighbourhood,https://i.scdn.co/image/ab6761610000e5ebdf0b5ac84376a0a4b2166816,
1283,The New Pornographers,https://i.scdn.co/image/ab6761610000e5eb965612aba70fc679601dda6e,
1284,The Offspring,https://i.scdn.co/image/ab6761610000e5ebffb1ffb7c417745cdad67b88,
1285,The Outfield,https://i.scdn.co/image/a15f9228f28116fa806529942dbe38e8e0123388,
1286,The Outlaws,https://i.scdn.co/image/ab6761610000e5eb2f8255912e01f657ef3ae7f0,
1287,The Police,https://i.scdn.co/image/1f73a61faca2942cd5ea29c2143184db8645f0b3,
1288,The Presidents of the United States of America,https://i.scdn.co/image/ab6761610000e5eb5f58fb70bc91512a98ad530b,
1289,The Pretenders,https://i.scdn.co/image/ab67616d0000b273d07b7b709fce1b0685b2bcd1,
1290,The Pretty Reckless,https://i.scdn.co/image/ab6761610000e5eb78d17452007b49a5ed878006,
1291,The Primitives,https://i.scdn.co/image/ab6761610000e5eb51f06cc5c19cd028e57828c6,
1292,The Proclaimers,https://i.scdn.co/image/ab6772690000c46c42dd0ee8085ec78b75857c9c,
1293,The Protomen,https://i.scdn.co/image/ab6761610000e5eb4ae33a966e6b26005eea1de3,
1294,The Psychedelic Furs,https://i.scdn.co/image/ab6761610000e5eb720ecd7bb4a9401fd5920523,
1295,The Raconteurs,https://i.scdn.co/image/1b222f51466c099834dfde3b8648d61e2fb82678,
1296,The Raveonettes,https://i.scdn.co/image/ab6761610000e5eb4edbb3b6552e04410318175a,
1297,The Red Chord,https://i.scdn.co/image/ab6761610000e5eb42a3e7dbe0b6bc8ca361de85,
1298,The Red Jumpsuit Apparatus,https://i.scdn.co/image/ab6761610000e5ebb579588b5cd5582f6c83f6f7,
1299,The Rembrandts,https://i.scdn.co/image/ab6761610000e5eb203cbc1f8dbeac5b4993581a,
1300,The Revel,https://i.scdn.co/image/ab67616d0000b2731fd8d34bde34e1d27d8da7c5,
1301,The Revivalists,https://i.scdn.co/image/ab6761610000e5eb05c5c09c592391a22b260c70,
1302,The Romantics,https://i.scdn.co/image/ab6761610000e5ebb39679d47a3857df9ad4a750,
1303,The Runaways,https://i.scdn.co/image/bb558047dc042297754100e562e2c8add949b234,
1304,The Shelters,https://i.scdn.co/image/ab6761610000e5eb2b592683d5761bf29d2fa2a9,
1305,The Shins,https://i.scdn.co/image/ab6761610000e5eb6c87e9e995eedad42e73dcc4,
1306,The Smashing Pumpkins,https://i.scdn.co/image/ab6761610000e5eba7f80939b43d9efe1ca73a22,
1307,The Smithereens,https://i.scdn.co/image/ab6761610000e5eb5bc7af42dd5295c67cd71f4e,
1308,The Sounds,https://i.scdn.co/image/ab67616d0000b27314f956a130adae27aee81833,
1309,The Starting Line,https://i.scdn.co/image/ab6761610000e5eb6d8da8dbbdd7baf6810fa603,
1310,The Sterns,https://i.scdn.co/image/ab6761610000e5eba8dde41f07f87be6b15fa50c,
1311,The Stooges,https://i.scdn.co/image/1d9f0cf8e6d8d51f28369eccd78dca2882fb0d83,
1312,The Strumbellas,https://i.scdn.co/image/ab6761610000e5ebf30b90ca18c01af1c1c509f6,
1313,The Struts,https://i.scdn.co/image/ab6761610000e5ebd7e5ca4b5e006f754080c236,
1314,The Subways,https://i.scdn.co/image/ab6761610000e5eb8a7c5deaa73f7372b8e1eefa,
1315,The Temper Trap,https://i.scdn.co/image/ab6761610000e5eb6a87f14ae59aa170f7e75c67,
1316,The Troggs,https://i.scdn.co/image/ab6772690000c46c988a8b87a19ab20240d22c6b,
1317,The Unlikely Candidates,https://i.scdn.co/image/ab6761610000e5ebc628820f662a335a2be62950,
1318,The Used,https://i.scdn.co/image/ab6761610000e5ebfe63dc4df1696a6f6af0db15,
1319,The Vapors,https://i.scdn.co/image/ab6761610000e5eb782d23e34044a3794dd58a82,
1320,The Veer Union,https://i.scdn.co/image/ab6761610000e5eb120098758f51ca56ae6cedb3,
1321,The Velveteers,https://i.scdn.co/image/ab6761610000e5ebdd7dfceb02db7516da066229,
1322,The Vines,https://i.scdn.co/image/760e4c55d45c4cd1912512c4e7cf317ea038fd92,
1323,The Von Bondies,https://i.scdn.co/image/ab6761610000e5ebd33f4b7c2c984e710a87c71f,
1324,The Warning,https://i.scdn.co/image/ab6761610000e5ebc582a293332863f8e3335c80,
1325,The Warning Shots,https://i.scdn.co/image/ab67616d0000b2735960b4be72e6fc42b3bf2d60,
1326,The Weeknd,https://i.scdn.co/image/ab6761610000e5eb9e528993a2820267b97f6aae,
1327,The White Stripes,https://i.scdn.co/image/ab6761610000e5eb70cc06de8fc28226d4743cd9,
1328,The Who,https://i.scdn.co/image/9cd709cabb4a614b4f1dd9ec256a5f30e21f0150,
1329,The Wild Feathers,https://i.scdn.co/image/ab6761610000e5ebde8d61be7155dc3c20e8cdb8,
1330,The Wind and The Wave,https://i.scdn.co/image/ab6761610000e5eb7f56c40d6e6d897e80ef819e,
1331,The Wonder Years,https://i.scdn.co/image/ab6761610000e5eb73c0acd05d3e2c794c216751,
1332,Them Crooked Vultures,https://i.scdn.co/image/7e78d34c33af8c3555f8eec0f8823cbde00ae2cc,
1333,Them Terribles,https://i.scdn.co/image/ab67616d0000b27342534ea5685c19ca77e3d267,
1334,Thenewno2,https://i.scdn.co/image/67da6e96938867b101254bb9c775552afab1fced,
1335,Theory of a Deadman,https://i.scdn.co/image/ab6761610000e5eb6cff6acc48314698c7d9ce87,
1336,Thin Lizzy,https://i.scdn.co/image/cbebfb93be8c2ac47ef6b8a2186d11b3298abe49,
1337,Third Eye Blind,https://i.scdn.co/image/ab6761610000e5eb6b1e8135b0741308a3f38ded,
1338,Thousand Foot Krutch,https://i.scdn.co/image/558f7ee322b89c8d5b846a7b38e0ad83bbaa1386,
1339,Three Days Grace,https://i.scdn.co/image/ab6761610000e5eb2e619cf7c1577485d14c2043,
1340,Thrice,https://i.scdn.co/image/ab6761610000e5ebca627bb045496713ade39bcf,
1341,Tickle Me Pink,https://i.scdn.co/image/fd937a22107517fcb668e9d63d1c32486deb488a,
1342,Tigerman WOAH,https://i.scdn.co/image/ab6761610000e5eb0948cb80a44dc0033696c974,
1343,Tijuana Sweetheart,https://i.scdn.co/image/ab6761610000e5ebc507db85562218fc3b14e628,
1344,Timmy and the Lords of the Underworld,,
1345,Tiny Moving Parts,https://i.scdn.co/image/ab6761610000e5eb67822fd1b8148e87ab2bbead,
1346,Toad and the Stooligans,https://i.scdn.co/image/ab6761610000e5ebb0f60eefc603cb53c1879d1e,
1347,Toadies,https://i.scdn.co/image/ab6761610000e5ebcd37ff4e9d3db41f14f905e7,
1348,Toby Keith,https://i.scdn.co/image/ab6761610000e5eb1b6b9d83cfd806b328496207,
1349,Tokio Hotel,https://i.scdn.co/image/ab6761610000e5eb1bb213762bb8cc8c51802648,
1350,Tom Petty,https://i.scdn.co/image/ab6761610000e5eb1ef0346826481e5cf1979096,
1351,Tom Petty and the Heartbreakers,https://i.scdn.co/image/ab6761610000e5eb560685c65ae33b3ffbda7f19,
1352,Tommy Tutone,https://i.scdn.co/image/ab6761610000e5eb2ce86e4957e238b7fb67397f,
1353,Tonic,https://i.scdn.co/image/ab6761610000e5eb6ecd7b12e3ecd0f2ebfa5cc2,
1354,Toto,https://i.scdn.co/image/ab6761610000e5eba59a5bcab211f964fe9bfb06,
1355,Trace Adkins,https://i.scdn.co/image/ab6761610000e5eb075290d0f64dbdd4efae7f41,
1356,Tracy Bonham,https://i.scdn.co/image/ab6761610000e5eb7cd7944db0a337e6e2acba86,
1357,Train,https://i.scdn.co/image/ab6761610000e5eb365984489dac7a79eac204e3,
1358,Trapt,https://i.scdn.co/image/ab6761610000e5eb403d2145e451b333a221bdcd,
1359,Trevor Daniel,https://i.scdn.co/image/ab6761610000e5eb91fa81ee7feed311d9aedf7e,
1360,Tribe,https://i.scdn.co/image/ab6761610000e5eb774d73ae6796b6f437d89db9,
1361,Trivium,https://i.scdn.co/image/ab6761610000e5ebe3d54be763612bdcf50e56eb,
1362,Trust Company,https://i.scdn.co/image/ab6761610000e5eb123e3e90ff5609920b893526,
1363,Turbonegro,https://i.scdn.co/image/ab6761610000e5eb9c86ff987a3ce510b46c8f4c,
1364,Tutankamon,https://i.scdn.co/image/ab67616d0000b2731bc90351022c0ee84c6e74cf,
1365,Twenty One Pilots,https://i.scdn.co/image/ab6761610000e5eb61a7ea26d33ded218cd1e59d,
1366,Twin Atlantic,https://i.scdn.co/image/ab6761610000e5ebb96a2b8d817823d9b467743b,
1367,Twisted Sister,https://i.scdn.co/image/758604f17b98e5db650adeebf9cf8cb55feda0f0,
1368,Two Door Cinema Club,https://i.scdn.co/image/ab6761610000e5eb86faeb97a905a571b2c361a0,
1369,UB40,https://i.scdn.co/image/ab6761610000e5eb057ec513c696b66901270810,
1370,Underoath,https://i.scdn.co/image/ab6761610000e5eb06b005898122defbe29b7a64,
1371,Van Halen,https://i.scdn.co/image/ab6761610000e5ebd8475001d2700686e1008dfb,
1372,Vance Joy,https://i.scdn.co/image/ab6761610000e5eb8f074ec8c25406680bf26422,
1373,Vanilla Ice,https://i.scdn.co/image/ab6761610000e5ebcee70601cac67f2dd7376025,
1374,Varials,https://i.scdn.co/image/ab6761610000e5ebf583b16a31434f26e8e19660,
1375,Various Artists,,
1376,Vertical Horizon,https://i.scdn.co/image/ab6761610000e5ebc7a91ecbdde7a0de84b2f0ba,
1377,Veruca Salt,https://i.scdn.co/image/7947f9c222f4f941306b27cf4c7a6b2033f80453,
1378,Vesuvius,,
1379,Violet Saturn,https://i.scdn.co/image/ab6761610000e5ebe5978d2124fe3dc6297db429,
1380,Volbeat,https://i.scdn.co/image/ab6761610000e5ebed061555d0d15cf7b1e66731,
1381,WAR,https://i.scdn.co/image/ab67616d0000b2734fdb5283ef51ee18e5f29ebd,
1382,Walk the Moon,https://i.scdn.co/image/ab6761610000e5ebab9610e36fae856c0fd9b46b,
1383,Wallows,https://i.scdn.co/image/ab6761610000e5ebfde4e7d59f6d8868e2ffdaf5,
1384,War,https://i.scdn.co/image/ab67616d0000b2734fdb5283ef51ee18e5f29ebd,
1385,Warrant,https://i.scdn.co/image/ab6761610000e5ebca93371adcc6ab1e92497687,
1386,Warren Zevon,https://i.scdn.co/image/ab6761610000e5ebcb844c45233a84f9f81c9ec4,
1387,We Are The Fallen,https://i.scdn.co/image/95b8bdaf9af42a38a26d86e3fe73bf5f79c77b9d,
1388,We the Kings,https://i.scdn.co/image/ab6761610000e5eb5769c8fcb7cb9e65c7eb6b72,
1389,Wednesday,https://i.scdn.co/image/ab6761610000e5ebfb7ee49690824f52ecb45d19,
1390,Welshly Arms,https://i.scdn.co/image/ab6761610000e5eb42982fc4504ee17ee8199d16,
1391,Wheatus,https://i.scdn.co/image/ab6761610000e5eb72f10e0706fee3998a0644b9,
1392,When Particles Collide,https://i.scdn.co/image/ab6761610000e5eb671f1e6614fa795c1655c3c0,
1393,White Denim,https://i.scdn.co/image/ab6761610000e5eb095e07a4da3a01ece0f1f08e,
1394,White Reaper,https://i.scdn.co/image/ab6761610000e5eb8cab98f113ef8c37db778c0a,
1395,White Zombie,https://i.scdn.co/image/1c693c0c08a4ef35cb855e499e0f7fe6a768b8cb,
1396,Whitechapel,https://i.scdn.co/image/ab6761610000e5eb8f0be1ea5823154c7f605384,
1397,Whitesnake,https://i.scdn.co/image/ab6761610000e5eb1cc545458190efc44f48035f,
1398,Whitney Houston,https://i.scdn.co/image/ab6761610000e5ebcd9f60ab57585bf3b77ecc51,
1399,Wild Cherry,https://i.scdn.co/image/ab67616d0000b273d419ed4f1e89669ce14bd369,
1400,Wilson Phillips,https://i.scdn.co/image/9101beb98984fddaf5f65b6e918370ccea6d11da,
1401,Winger,,
1402,Wir sind Helden,https://i.scdn.co/image/ab6761610000e5ebc0abaa5d03b3419c41adf3f4,
1403,Wolf Alice,https://i.scdn.co/image/ab6761610000e5eb8f8c54de9e6051cc75c19df7,
1404,Wolfmother,https://i.scdn.co/image/ab6761610000e5eb81029ef3e2c85c4b75f6bd6f,
1405,Wolves At The Gate,https://i.scdn.co/image/ab6761610000e5eb41ae9364e4327143b56ca772,
1406,Worshipper,https://i.scdn.co/image/ab67616d0000b27367a128ab9ab19d6116fc2cee,
1407,X Ambassadors,https://i.scdn.co/image/ab6761610000e5eb6634ca0e7f75951bfcee22fa,
1408,X Japan,https://i.scdn.co/image/ab6761610000e5eb4e80b92ad6a0e9fdd2f3a8b5,
1409,YONAKA,https://i.scdn.co/image/ab6761610000e5eb3b1615f98b8550107b2c1dfb,
1410,YUNGBLUD,https://i.scdn.co/image/ab6761610000e5eb7c9287712c4355e54c94e0d0,
1411,Yeah Yeah Yeahs,https://i.scdn.co/image/ab6761610000e5eb746654923d25b6bf7c16e899,
1412,Yellowcard,https://i.scdn.co/image/ab6761610000e5eb6b950048b4781d0e95bd9c2c,
1413,Yes,https://i.scdn.co/image/ab6761610000e5eb66802a15af2526a0b98b1ffc,
1414,Yngwie Malmsteen's Rising Force,https://i.scdn.co/image/ab6761610000e5eba25b72feac0cd2089fd7ea16,
1415,Zac Brown Band,https://i.scdn.co/image/ab6761610000e5eb8b236b26cb2d93cfc9f1ada1,
1416,a-ha,https://i.scdn.co/image/ab6761610000e5eb651ab62ce2d9e5baf6e485e5,
1417,covet,https://i.scdn.co/image/ab67616d0000b27314779eefd9243668004ae57e,
1418,flipturn,https://i.scdn.co/image/ab6761610000e5eb724cced4ad8949fd70698843,
1419,fun.,https://i.scdn.co/image/ab67616d0000b2739563cb349790fc0dc5a69003,
1420,girlfriends,https://i.scdn.co/image/ab6761610000e5ebda29b1ffc7e3c86770a28de3,
1421,lovelytheband,https://i.scdn.co/image/ab6761610000e5ebec81e7178a32c7b697c2780c,
1422,tiLLie,https://i.scdn.co/image/ab6761610000e5ebad524e3fd2e7011d587748e8,
1423,Gary Moore,https://i.scdn.co/image/ab6761610000e5eb445df6e3ccdb1684b75ab7b6,
